creator_clean,theme,record_count,creator_short
"Brier, Percy,1885-1970",Piano / dance,3,Brier
"Caflisch, W. A.",Other,1,Caflisch
"Caflisch, W. A.",Piano / dance,1,Caflisch
"Caflisch, W. A.",Queensland / place,1,Caflisch
"Edkins, E. M.(Edwina M.)",Piano / dance,2,Edkins
"Edkins, E. M.(Edwina M.)",Songs,1,Edkins
"Edkins, E. M.(Edwina M.)",War,1,Edkins
"Egan-Mulry, M.,1863-1934",Patriotic / national,1,Egan-Mulry
"Egan-Mulry, M.,1863-1934",Piano / dance,1,Egan-Mulry
"Egan-Mulry, M.,1863-1934",War,1,Egan-Mulry
"Wood, Stan",Piano / dance,3,Wood
