Title,creator_clean,Date,year,historical_period,theme,Subjects,Publisher,Format
A Federal song[music] /words by George Essex Evans ; music by George Sampson,"Sampson, George,1861-1949.",c1899.,1899,Before 1900,Patriotic / national,Confederation of states--Australia--Songs and music.;Federal government--Australia--Songs and music.;National songs--Australia;Patriotic music--Australia.,"Gordon & Gotch,",1 score (3 p.) ;36 cm.
Australia unfurl the flag![music] /G. Christian Neech,"Neech, G. Christian(George Christian)",1914,1914,1910-1919,Songs,"Songs, English--Queensland","Sapsford,",1 score (3 p.) ;37 cm.
Australia[music] /words and music by Wm. Blenheim,"Blenheim, William",[19--].,,Unknown,Patriotic / national,National songs--Australia.;Patriotic music--Australia.;Songs with piano.,"[s.n.],",1 score [2] p. ;30 cm.
Australian anthem[music] /words by Brunton Stephens ; music by R. T. Jefferies,"Jefferies, Richard Thomas,1841-1920",[18--?],,Unknown,Patriotic / national,National songs--Australia;Patriotic music--Australia;Songs with piano,"Paling, Kaye & Jefferies,",1 score (7 p.) ;37 cm.
Australian coo-ee :song /words by Robert Munro ; set to music by Hendrick Stein.,"Stein, Hendrick",[19--?],,Unknown,Piano / dance,Songs with piano;Songs--Australia,"E. A .Howard,",1 score (3) p. ;32 cm.
Be aisy /music by Ernest R. B. Jordan ; words by 'Teeby',"Jordan, Ernest Robert Bannister,1885-1941.",[19--?],,Unknown,Piano / dance,Songs with piano.,"G. J. Grice Ltd.,",1  score (7) p. ;36 cm.
Beautiful sunshine[music] /words by E.T.Shorley ; music by Stan Wood.,"Wood, Stan",[19--?],,Unknown,Piano / dance,Songs with piano.,"Printed at Record Printing Company,",1 score (3 p.) ;36 cm.
Bird Australian song[music] :waltz /George Rankin.,"Rankin, George.",1925,1925,1920-1929,Piano / dance,Birdsongs--Australia;Piano music.,"George Rankin,",1 score (13 p.) ;31 cm.
Black watch junr. /written by A.C.Phillips ; composed by Henry Hawkins,"Hawkins, Henry",[19-?],,Unknown,War,"World War, 1914-1918--Australia--Songs and music.","The Carter-Watson Co.,",1 score (3) p. ;34 cm.
Bowling song[music] /music by Percy Brier ; words by N.Sapsford.,"Brier, Percy,1885-1970",[19--?],,Unknown,Piano / dance,Bowls (Game)--Songs and music;Songs (Medium voice) with piano.,"Sapsford & Co.,",1 score (4 p.) ;37 cm.
"Boys of Australia[music] /words and music by J.T.Caves, bandmaster, No. 1 Depot Band, A.I.F.","Caves, J. T.(John Thomas).",[19--?].,,Unknown,War,"Australia.--Army.--Australian Imperial Force (1914-1921)--Songs and music.;Patriotic music--Australia.;War songs--Australia.;World War, 1914-1918--Australia--Songs and music.","[Valley Art Printing Co.],",
Boys will be boys[music] /words and music by Fred T. Smith.,"Smith, Fred T.",[19--?].,,Unknown,Piano / dance,Songs (High voice) with piano.;Songs with piano.,"Star Music Co.,",1 score (4) p. :36 cm.
Bring the girls along[music] :the yachtsman's song : double chorus song and fox trot /words by E.T. Shorley ; music by H. Middleton.,"Middleton, Harold.",[192-?],,Unknown,Piano / dance,Songs with piano.,"E.T. Shorley,",1 score [3] p. ;33 cm.
Brothers in arms[music] :patriotic song /words and music by R. Molyneux Herbert,"Herbert, R Molyneux.",[ca. 1900].,1900,1900-1909,Songs,"Songs, English--Australia.","Chivers and Co,",1 score (6) p. ;35 cm.
Bundaberg[music] :vocal one-step /words and music by Harry Harmer,"Harmer, Harry.",[19--?],,Unknown,Piano / dance,Cities and towns--Queensland--Bundaberg--Songs and music.;Songs with piano,"Neilson's Music House,",1 score (2) p. ;32 cm.
Burnett waltz[music] /composed by Leila Ruth Rowland.,"Rowland, Leila Ruth,1879-1958.",[19--?],,Unknown,Piano / dance,Bridges--Queensland--Burnett River--Pictorial works.;Piano music--Queensland.;Waltzes.,"W.H.Paling & Co.,",1 score (5) p. ;37 cm.
Calling Coo-ee[music] :when I hear you calling coo-ee I shall know that you are back. /words and music by Harold Middleton.,"Middleton, Harold",c1924.,1924,1920-1929,Piano / dance,"Foxtrots.;Songs with piano.;Songs, English--Australia.","W. H. Paling & Co.,",1 score (4) p. ;29 cm.
Canberra waltz[music] /by Charlotte Cameron,"Cameron, Charlotte M.,1870-","[ 1927] (Melbourne : Troedel & Cooper Pty. Ltd., Printers)",1927,1920-1929,Piano / dance,Piano music--Australia.;Waltzes.,"[Charlotte Cameron],",1 score (8 p.) ;36 cm.
Centenary song /words and air by Lilian Statham ; music by Evelyn Richter,"Richter, Evelyn",[19--?].,,Unknown,Piano / dance,Songs with piano.,"Printed by the Fassifern Guardian,",1 score (2) p. ;31 cm.
"Coolangatta[music] :that's the place for me /words and music by Rita McIvor [i.e McIver], Fred Whaite, Eb. Jackson.","McIver, Rita",[19--?],,Unknown,Piano / dance,Songs with piano,"E. O. Farley,",1 score (3) p. ;30 cm.
Coronation waltz[music] :introducing national anthem. /E. M. Edkins.,"Edkins, E. M.(Edwina M.)",19--?].,,Unknown,War,"Piano music.;Soldiers--Queensland--Songs and music.;World War, 1939-1945--Queensland--Songs and music","Mount Cornish?,",1 score (5 p.) ;33 cm.
Cricket is the game[music] /words by Col. Lynns ; music by May Lea.,"Lea, May.",[19--?],,Unknown,Piano / dance,Cricket--Songs and music.;Songs (Medium voice) with piano.,"Printed by Record Printing Company,",1 score [3] p. ;31 cm.
Down on the sands at Emu Park[music]  /words by E. T. Shorley ; music by Stan Wood.,"Wood, Stan",[19--?],,Unknown,Piano / dance,Emu Park (Qld.)--Songs and music.;Songs (Medium voice) with piano.,"Printed by Record Printing Company,",1 score (4) p. :ill. ;33 cm.
Girls of Australia[music] :waltz /E. C. G. Weise,"Weise, E. C. G.(Edward Carl Gustav)1869-1939.",,,Unknown,Piano / dance,Piano music--Australia.;Waltzes.,"H.  Pole & Co Pty Ltd., [19--?]",1 score (2) p. ;32 cm.
Glorious Australia[music] /M. Egan-Mulry.,"Egan-Mulry, M.,1863-1934",191-?],,Unknown,Patriotic / national,Patriotic music--Australia.;Songs with piano.;Vocal music--Australia.,"M. Egan-Mulry,",1 score (2) p. ;37 cm.
God save Australia /words and music by E. C. G. Weise.,"Weise, E. C. G.(Edward Carl Gustav)1869-1939.",[1938?],1938,1930-1939,Patriotic / national,Patriotic music--Australia.,"H. Pole & Co. Pty. Ltd. Printers,",1 score (2) p. ;32 cm.
Good night /words by G. F. Scott ; music by W. A. Caflisch.,"Caflisch, W. A.",[1887?],1887,Before 1900,Other,"Choruses, Secular (Mixed voices, 4 parts), Unaccompanied","[ s.n].,",1 score (1 p.) ;30 cm
Grey eyes[music] /words by Archibald Birt ; music my W. A. Caflisch.,"Caflisch, W. A.",[19--?].,,Unknown,Queensland / place,"Choruses (Men's voices, 4 parts), Unaccompanied.;Music--Queensland","W. H. Paling,",1 choral score [8] p. ;27 cm.
Hear our soldiers' cry[music] /composed by Lorna Maud Harrison ; words by Mrs. John Harrison,"Harrison, Lorna Maud.",[1916?].,1916,1910-1919,War,"Patriotic music--Australia.;Songs with piano.;World War, 1914-1918--Australia--Songs and music.","Carter Watson,",1 score (3p.) ;35 cm.
Hinkler[music] :one step. /words by Peter J. Furlong ; music by Ernest H. Grenfell.,"Grenfell, Ernest  H.",[19--?],,Unknown,Piano / dance,"Hinkler, Herbert John Louis,1892-1933--Songs and music.;Air pilots--Queensland--Song and music.;Songs with piano.","Tulloch & King, (Music Printers),",1 score [1] p. ;32 cm.
Indooroopilly[music] :the tongue twisting waltz song hit /written and composed by Billy Maloney ; arranged by Fred Whaite.,"Maloney, Billy.",c1920.,1920,1920-1929,Other,,"Harston's,",1 score [2] p. ;35 cm.
Intermezzo giocoso /Percy Brier.,"Brier, Percy,1885-1970",c1950.,1950,1940-1959,Piano / dance,Piano music.,"Paling,",1 score (5 p.) ;28 cm.
Ireland will be free[music] / words and music by M. Egan-Mulry.,"Egan-Mulry, M.,1863-1934",[19--?],,Unknown,Piano / dance,"Songs with piano.;Songs, Irish--Australia.","Outridge Printing Company Ltd,",1 score (2) p. ;37 cm.
Joy bells are ringing  /words by E. T. Shorley ; music by Helena Miller.,"Miller, Helena.",[191-?].,,Unknown,War,"Patriotic music--Australia.;World War, 1914-1918--Australia--Songs and music.","[s.n.],",[3] p. ;36 cm.
La Cuna (Cradle song)[music] /music by L.  A.  Pares ; words by C. A. Neville.,"Pares, Luis Amadeo,b. 1893.",1924,1924,1920-1929,Piano / dance,Songs (Medium voice) with piano.;Songs with piano.,"Luis A. Pares,",1 score [3] p. ;30 cm.
Laughter :song /the words by E. Inez Calfisch ; the music by P. S. Templeton.,"Templeton, P. S.",c1934?].,1934,1930-1939,Piano / dance,Songs with piano.,"[E. Inez Calfish & P. S. Templeton,",1 score (2) p. ;35 cm.
Loved & lost[music] :song /composed by Reginald Isbell.,"Isbell, Reginald.",[19--?].,,Unknown,Piano / dance,Songs with piano.,"H. J. Pollard & Co.,",1 score (5 p.) ;35 cm.
Love's reverie[music] :song /words by E. Coungeau ; music by Percy Brier.,"Brier, Percy,1885-1970.",191-?].,,Unknown,Piano / dance,Songs (Medium voice) with piano.;Songs with piano.,"s.n.,",1 score (5 p.) ;36 cm.
Mafeking waltz  /Zara Strahan,"Strahan, Zara,1878-1937composer",[between 1902 and 1910],,Unknown,Piano / dance,Piano music--Scores;Waltzes--Scores.,"W.H.Paling & Co.,",1  piano score (8 pages) ;37 cm.
Malboona gavotte /composed by E. M. Edkins.,"Edkins, E. M.(Edwina M.)",[1903?],1903,1900-1909,Piano / dance,Piano music.;Ranches--Queensland--Winton Region--Songs and music.,"W. H. Glen & Co.,",1 score (4 p.) ;33 cm.
My creed  /the words by Howard Arnold Walters ; the music by Laurie Annette Sterne,"Sterne, Laurie Annette",c1931.,1931,1930-1939,Piano / dance,Songs with piano.,"Laurie Annette Sterne,",1 score [2] p. ;36 cm.
My little Aussie girl /by Mark Rooke ; [music arranged by William B. Drumman].,"Rooke, Mark.",[19--?].,,Unknown,Piano / dance,Popular music--Australia.;Songs with piano.,"Morcoms Limited [distributor],",1 score (3) p. ;32 cm.
Myola gavotte /Zara Strahan.,"Strahan, Zara,1878-1937.",[19--].,,Unknown,Piano / dance,Gavottes.;Piano music.,"W. H. Paling & Co.,",1 score (5 p.) ;36 cm.
Ode to peace[music] /words by William Cowper ; music by Linda Roy Bowman.,"Bowman, Linda Roy,1881-1962",[19--?].,,Unknown,Other,"Choruses (Mixed voices), Unaccompanied.","[Linda Roy Bowman?],",1 choral score [8] p. ;29 cm.
Orvieto :waltz /composed by Seymour A.Middleton,"Middleton, Seymour A.",[19--?].,,Unknown,Piano / dance,Orvieto (Ship)--Songs and music.;Piano music;Ships--Songs and music;Waltzes,"W. H. Paling & Co.,",1 score (10 p.) ;31 cm.
Our boys at the front :military song /by M. Egan Mulry.,"Egan-Mulry, M.,1863-1934",[ between 1914 and 1918].,,Unknown,War,"Patriotic music--Australia.;Songs with piano.;War songs--Australia.;World War, 1914-1918--Australia--Songs and music.","H. J. Diddams & Co. Printers,",1 score (3) p. ;37 cm.
Our heroes of the air /written and composed by Edward Burke,"Burke, Edward.",[19--?].,,Unknown,Songs,Air pilots--Australia--Songs and music.;Air pilots--Great Britain--Songs and music.,"Read Press,",1 score (3) p. ;33 cm.
"Our land, Australia /words and music by Mrs. Rod Cameron","Cameron, Charlotte M.,1870-",c[194-?],,Unknown,Patriotic / national,Patriotic music--Australia,"R.D.R. Publishing Co.,",1 score (2) p. ;30 cm.
Prelude and march :from a classical suite in F major. /by Percy Brier.,"Brier, Percy,1885-1970",1953?,1953,1940-1959,Piano / dance,Piano music.,"[Percy Brier],",1 score (3 p.) ;30 cm.
Queensland :march song and chorus /written and composed by D. Davis.,"Davis, D.",19--?],,Unknown,Piano / dance,Marches (Piano),"[s.n.,",1 score (5) p. ;36 cm.
Queensland waltz[music] /by Leila Ruth Rowland.,"Rowland, Leila Ruth,1879-1958.",1913,1913,1910-1919,Piano / dance,Waltzes.;Piano music--Queensland.,"W.H. Paling,",1 score (10 p.) ;36 cm
Redcliffe[music] /words by Tom Shorley and Leo Martin ; music by Stan Wood.,"Wood, Stan.",[19--?],,Unknown,Piano / dance,Songs (Medium voice) with piano.,"Printed by Record printing Company,",1 score [3] p. ;33 cm.
Romance /composed by A. H. Wilhelmy.,"Wilhelmy, A. H.",c1915.,1915,1910-1919,Piano / dance,Piano music.,"The Anglo-Australian Publishing Co.,",1 score (4) p. ;35 cm.
Rosebuds[music] /words and music by Egan Mulry.,"Egan-Mulry, M.,1863-1934.",[191-?],,Unknown,Piano / dance,Songs with piano.;Vocal music--Australia.,"M. Egan-Mulry,",1 score (2) p. ;36 cm.
Rosheen[music] :an Irish ditty /by Egan Mulry.,"Egan-Mulry, M.,1863-1934.",[ between 1914 and 1918],,Unknown,Songs,"Songs, Irish--Australia.;Vocal music--Australia.","E.  Mulry,",1 score (2) p. ;35 cm.
Sandgate[music] :charming waltz song. /words by Tom Shorley ; music by Stan Wood.,"Wood, Stan",[19--?],,Unknown,Piano / dance,Songs (Medium voice) with piano.,Printed by Record Printing Company,1 score (3) p. ;33 cm.
Serenade[music] :part-song for S.A.T.B. /words by Captain Spencer Browne ; music by S. G. Benson.,"Benson, S. G.",[19--?],,Unknown,Songs,"Choruses, Secular (Mixed voices, 4 parts), Unaccompanied.;Part songs","W. H. Paling,",1 score (4 p.) ;28 cm.
Soldiers of the willow[music] /words by Geo. Essex Evans ; music by Alberto Zelman.,"Zelman, Alberto,1874-1927",[19--?].,,Unknown,War,"Cricket--Songs and music;Patriotic music--Australia;Popular music--Australia;Songs, English--Australia;War songs--Australia","Allan,",1 score [2 p.] ;34 cm.
Song of the convoys :rolling along on the Great North Road /words and music by Harold Middleton.,"Middleton, Harold.",[19--?].,,Unknown,Piano / dance,Popular music--Australia.;Songs with piano.;Trucking--Australia--Songs and music.,"Tin Pan (Australia) Publishing Co.,",1 score (3) p. ;29 cm.
Sons of Britannia :a Federation song /words & melody composed by John H.  Nicholson ; harmonized & arranged by S. G. Benson.,"Nicholson, John H.(John Henry),1838-1923.",[189-?].,,Unknown,Patriotic / national,Patriotic music--Australia.,"W. H. Paling & Co.,",1 score (3) p. ;37 cm.
Sons of the bush[music] :a reminiscent song /words and music by Kelsey Voller.,"Voller, Kelsey",[1900],1900,1900-1909,Piano / dance,Songs (Medium voice) with piano.,"Outridge Printing Co.,",1 score (3) p. ;35 cm.
Sunny Southport :by the silver sea : waltz song./words and music by Meta Maclean. ; second verse by M. J. Sullivan.,"Maclean, Meta",[19--?],,Unknown,Other,,"M. J. Sullivan,",[4] p. ;31 cm.
The absent minded beggar[music] /words by Rudyard Kipling ; music by Esther M.  Lewin.,"Lewin, Esther M.",1900,1900,1900-1909,Piano / dance,Songs (Medium voice) with piano.,"Outridge Printing Co,",1 score (5) p. ;35 cm.
The Brisbane River song[music] /words by William Gray ; music by Alice Walker.,"Walker, Alice",[19--?].,,Unknown,Other,,"Nicholson & Co.,",1 score (4 p.) ;37 cm.
The call to youth[music] /words by Rev. John Sinclair ; music by Ernest R. B. Jordan.,"Jordan, Ernest Robert Bannister,1885-1941.",[19--?],,Unknown,Piano / dance,"Choruses, Sacred (Unison) with organ.;Choruses, Sacred (Unison) with piano;Part songs, English.;Part songs, Sacred.","W.H. Plaing & Co.,",1 score [2] p. ;26 cm.
The Chelmsford march[music] /composed by Eunice S. Lucas.,"Lucas, Eunice S.",[19--?].,,Unknown,Piano / dance,Marches (Piano);Piano music.,"W. H. Paling & Co.,",1 score (4) p. ;35 cm.
The city tram conductor[music] /words by E.T. Shorley ; music by V.G. Benvenuti.,"Benvenuti, V. G.",[19--?],,Unknown,Piano / dance,Songs (Medium voice) with piano.;Street-railroads--Queensland--Brisbane--Songs and music.,"s.n.,",1 score (4) p. ;32 cm.
The Commonwealth waltz[music] /by Leila Ruth Rowland,"Rowland, Leila Ruth,1879-1958",c[19--?].,,Unknown,Patriotic / national,National songs--Australia.;Patriotic music--Australia.;Waltzes.,"W. H. Paling & Co.,",1 score (6 p.) ;36 cm.
The Day of victory[music] :song /words by E. T. Shorley ; music by Ernest Gollmick.,"Gollmick, Ernest.",[1918?],1918,1910-1919,War,"Armistice Day--Songs and music.;Songs with piano.;World War, 1914-1918--Songs and music.","Printed by Record Printing Company,",1 score (3) p. ;37 cm.
The fisher boy[music] /words by Cristabel ; music by W. A. Calflisch.,"Caflisch, W. A.",[19--?],,Unknown,Piano / dance,Fishers--Queensland--Songs and music.;Songs (Medium voice) with piano.,"H.J. Pollard & Co.,",1 score (7) p. ;37 cm.
The holy happy rest /by Alfred Cobby.,"Cobby, Alfred.",[19--?].,,Unknown,Piano / dance,Songs with piano.,"Gordon and Gotch,",1 score (2 p.) ;35 cm.
The Kennedy regiment waltz /composed by Fred A. Affoo.,"Affoo, Fred A.",[19--?].,,Unknown,War,"Piano music.;Waltzes.;World War, 1914-1918--Australia--Songs and music.","W. H. Paling & Co.,",1 score (5) p. ;34 cm.
The liberty song of Australia /words and air by 'Teeby' ; arranged by St. de Polotynski,Teeby.,[19--?].,,Unknown,War,"National songs--Australia.;Patriotic music--Australia.;World War, 1914-1918--Australia--Songs and music.","H. Pole & Co. Ltd.,",1 score (6) p. ;31 cm.
The Queensland children's song[music] :arranged in four parts for unaccompanied singing./words by E. W. H. Fowles ; music by  George Sampson.,"Sampson, George,1861-1949.",19--?],,Unknown,Songs,"Children's songs--Queensland.;Choruses, Secular (Children's voices), Unaccompanied.;Cornet music.","s. n. ,",1 score [2] p. ;33 cm.
The Queensland sugar-cane polka /words & music by Edward Leadbeater.,"Leadbeater, Edward.",19--?],,Unknown,Piano / dance,Songs with piano.,"Edward Leadbeater,",1 manuscript score (1) p. ;28 cm.
The 'Queensland Times' march /composed by  R.  Henderson Johnston.,"Johnston, R. Henderson(Robert Henderson)",[19--?],,Unknown,Piano / dance,Marches (Piano),"Brooks & Co.,",1 score (7) p. ;35 cm.
The Queensland waltz[music] /by Jean Lamond,"Lamond, Jean",[1897],1897,Before 1900,Piano / dance,Piano music;Waltzes,"Paling & Co.,",1 score (7 p.) ;36 cm.
The Queensland waltz[music] /by John Young,"Young, John",[19--?],,Unknown,Piano / dance,Songs with piano.,"Queensland Piano & Music Warehouse Company,",1 score (6) p. ;36 cm.
The Queensland waltz[music] /by Leila Ruth Rowland,"Rowland, Leila Ruth,1879-1958",c1913,1913,1910-1919,Piano / dance,Piano music.;Waltzes,"W.H.Paling & Co.,",1 v. ;36 cm.
"The song of the 42nd Battalion, A.I.F.[music]  /written by A. C. Phillips ; composed by Henry Hawkins.","Hawkins, Henry.",[19--],,Unknown,War,"Australia.--Army.--Australian Imperial Force (1914-1921)--Songs and music.;World War, 1914-1918--Australia--Songs and music","Carter-Watson Co.,",1 score (3) p. ;34 cm.
The waters of the Brisbane[music] :waltz : a musical dream /by Wallace Anderson.,"Anderson, Wallace.",19--?],,Unknown,Piano / dance,Piano music.;Waltzes.,"s.n.,",1 score (4) p. ;36 cm.
The Women of the West[music] /words by G. E. Evans ; music by E. M. Edkins.,"Edkins, E. M.(Edwina M.)",19--?].,,Unknown,Songs,Women--Queensland--Songs and music.,"Mount Cornish?,",1 score (7 p.) ;33 cm.
Valse Melba[music] /Bernard Rolt.,"Rolt, Bernard",c1908.,1908,1900-1909,Piano / dance,"Melba, Nellie, Dame,1861-1931--Songs and music;Piano music.;Waltzes.","Chappell & Co.,",1 score (7 p.) ;33 cm.
Wee Bimbah[music]  :waltz. /by Mrs. E. M. Edkins.,"Edkins, E. M.(Edwina M.)",19--?],,Unknown,Piano / dance,Piano music.;Ranches--Queensland--Longreach Region--Songs and music.,"Mount Cornish?,",1 score (5 p.) ;33 cm.
When I march home /words and music by Mark Rooke.,"Rooke, Mark.",c1919?,1919,1910-1919,War,"Patriotic music--Australia.;World War, 1914-1918--Australia--Songs and music.","Morcoms,",1 score (3) p. ;32 cm.
When the Jacaranda blooms[music] /words and music by F. Turbayne.,"Turbayne, Fanny",19--?],,Unknown,Piano / dance,Songs (Medium voice) with piano.;Trees--Queensland--Brisbane--Songs and music.,s.n.,1 score (3) p. ;33 cm.
Where the red gold oranges grow[music] :one-step /lyric by Rita McIver ; music by J.Shanoski.,"Shanoski, J.",19--?],,Unknown,Piano / dance,Songs (Medium voice) with piano.,"s.n.,",1 score (3) p. ;32 cm.
