venue_name,venue_address,space_type,lat,lon
Sticky Institute,"Shop 10, Campbell Arcade, Melbourne, 3000",Bar,-37.81780039372033,144.96608291162394
Curtin House,"Unit S15, Level 7, 252 Swanston Street, Melbourne, 3000",Bar,-37.81197919475205,144.96513374198747
The Sub Club,"Unit 20, Basement, 35 Elizabeth Street, Melbourne, 3000",Unknown,-37.81739173304064,144.96433989015495
Trades Hall,"2 Lygon Street, Carlton, 3053",Bar,-37.80683784363076,144.96605581842582
Victoria University,"225 King Street, Melbourne, 3000",Multi-Use,-37.81498068947084,144.95490184835984
Co.,"Shop 53, Level 2, 8 Whiteman Street, Southbank, 3006",Nightclub,-37.823635015853306,144.95781296125432
RMIT Student Union (RMIT Village),"5-17 Flemington Road, North Melbourne, 3051",Public University/College,-37.80095036830012,144.95617406859978
fortyfive downstairs,"Basement & LwrGround, 45 Flinders Lane, Melbourne, 3000",Bar,-37.81476781579968,144.97298148815318
Garden State Hotel,"95-101 Flinders Lane, Melbourne, 3000",Hotel,-37.81533364912343,144.97103885657114
The Princess Theatre,"163-181 Spring Street, Melbourne, 3000",Theatre,-37.810683700820334,144.97255452673397
Melbourne Recital Centre,"Melbourne Recital Centre, 31 Sturt Street, Southbank, 3006",Performance Space,-37.82430328303502,144.9672846102551
Melbourne Zoo,"Elliott Avenue, Parkville, 3052",Performance Space,-37.78535415162557,144.9531734126854
The Crafty Squire,"115-127 Russell Street, Melbourne, 3000",Hotel,-37.81364054478455,144.96829657234807
Seamstress Restaurant and Bar,"113 Lonsdale Street, Melbourne, 3000",Bar,-37.81046224853603,144.96895746044424
European Bier Café,"120 Exhibition Street, Melbourne, 3000",Bar,-37.81285332078208,144.97110417388942
Touche Hombre,"237 Lonsdale Street, Melbourne, 3000",Bar,-37.81150165387338,144.9654399624449
Victorian Arts Centre Trust,"Carpark, 100 St Kilda Road, Southbank, 3006",Multi-Use,-37.82144364943292,144.9688880032937
Eden Bar,"Level 1, 163-165 Russell Street, Melbourne, 3000",Nightclub,-37.81248788571263,144.9677712185572
Bond Lounge Bar,"Ground, 20-24 Bond Street, Melbourne, 3000",Nightclub,-37.81818043455255,144.96282893879925
Marrakech Bar,"LwrGround, 25 Bank Place, Melbourne, 3000",Nightclub,-37.81630543173182,144.9602164244812
Inflation Nightclub/Top Yard Rooftop Bar,"54-60 King Street, Melbourne, 3000",Nightclub,-37.81895269154036,144.95708651070385
The Shaw Davey Slum,"171 Elgin Street, Carlton, 3053",Bar,-37.79743272568668,144.96879689682868
Victoria Star Cruises,"Berth 10, Victoria Harbour, Docklands, 3008",Venue,-37.817380564148905,144.9423023877635
Level 3 at Crown,"8 Whiteman Street, Southbank, 3006",Nightclub,-37.82248526641422,144.96005414679885
Asian Beer Café,"Shop 311, Level 3, 300 Lonsdale Street, Melbourne, 3000",Bar,-37.81016156449148,144.96340822349765
Loop Project Space & Bar,"Ground, 19-23 Meyers Place, Melbourne, 3000",Bar,-37.81212244439291,144.97221043633814
Church of All Nations,"178-204 Palmerston Street, Carlton, 3053",Church,-37.795962230869854,144.9687595076568
XE54 Nightclub,"Basement, 334-342 City Road, Southbank, 3006",Unknown,-37.82794971778835,144.95742336165304
Festival Hall,"300 Dudley Street, West Melbourne, 3003",Performance Space,-37.81143776985287,144.9461726133059
Live Performance Australia,"Level 1, 15 Queen Street, Melbourne, 3000",Multi-Use,-37.818408350668456,144.96207799460493
Queen Victoria Market,"65-159 Victoria Street, Melbourne, 3000",Performance Space,-37.806188527484565,144.9575348670326
Platform One,"Vault 7-8, 375-377 Flinders Street, Melbourne, 3000",Nightclub,-37.81914827560788,144.96232307486835
Mesa Verde,"Unit S13, Level 6, 252 Swanston Street, Melbourne, 3000",Bar,-37.81204087370973,144.96505253454222
Bass Lounge,"Suite 12, Basement, 108 Bourke Street, Melbourne, 3000",Unknown,-37.8121190907495,144.9699347659403
The Black Rabbit,"Basement, 85 Queen Street, Melbourne, 3000",Nightclub,-37.816506994449085,144.96120225838388
Regent Theatre,"191-197 Collins Street, Melbourne, 3000",Theatre,-37.81534585273267,144.9675380003948
The Athenaeum,"Level 1, 188 Collins Street, Melbourne, 3000",Unknown,-37.81509905764948,144.96746914835032
The Comedy Theatre,"240 Exhibition Street, Melbourne, 3000",Theatre,-37.81021736084806,144.96989592744947
Turf Bar,"Unit 1, LwrGround, 131 Queen Street, Melbourne, 3000",Bar,-37.815538920511045,144.96075342315893
Lustre Bar,"4A Centre Place, Melbourne, 3000",Bar,-37.81675634145909,144.96562102792308
Mercury Lounge,"8 Whiteman Street, Southbank, 3006",Nightclub,-37.82242997287491,144.96001590680228
Velvet Bar,"Casino, 8 Whiteman Street, Southbank, 3006",Bar,-37.82371881012607,144.95746455234837
Spleen Central,"41 Bourke Street, Melbourne, 3000",Bar,-37.81180924479099,144.9719804643413
Flinders Station Hotel Backpackers,"Unit 8-17, Level 3-12, 35 Elizabeth Street, Melbourne, 3000",Hotel,-37.81739448122377,144.964498854058
Federation Square,"2 Swanston Street, Melbourne, 3000",Performance Space,-37.81839877968878,144.96896594005398
East Melbourne Library,"122 George Street, East Melbourne, 3002",Library,-37.81527551487422,144.9863774281896
Highlander Bar,"11A Highlander Lane, Melbourne, 3000",Bar,-37.81969180587922,144.9580106038663
P.J. O'Brien's,"Shop 12-16, Ground, 3 Southgate Avenue, Southbank, 3006",Hotel,-37.82033397996246,144.9664180424327
Golden Monkey,"Basement & Rear, 389 Lonsdale Street, Melbourne, 3000",Bar,-37.81278386278497,144.96103223580576
White Rabbit Record Bar,"176 Bellair Street, Kensington, 3031",Bar,-37.79363079251513,144.9300832037398
The General Assembly,"29 South Wharf Promenade, South Wharf, 3006",Hotel,-37.82411828690496,144.95189029706034
Sea Life Melbourne Aquarium,"Sea Life Melbourne Aquarium, King Street, Melbourne, 3000",Amusement/Theme Venue,-37.8209995658432,144.95804714265464
Library at The Dock,"107 Victoria Harbour Promenade, Docklands, 3008",Multi-Use,-37.81987305470432,144.94075608935833
Groove Live Bar and Terrace,"Casino, 8 Whiteman Street, Southbank, 3006",Unknown,-37.8237160520609,144.9573055755779
Cookie,"Unit S2, Level 1, 252 Swanston Street, Melbourne, 3000",Bar,-37.812105299613584,144.9651302795867
Meat Market Art Centre,"36-54 Courtney Street, North Melbourne, 3051",Theatre,-37.80159050732829,144.95372820780835
Clyde Hotel,"377-389 Cardigan Street, Carlton, 3053",Hotel,-37.797284200523016,144.965847915991
Tramp Bar,"Basement, 20 King Street, Melbourne, 3000",Nightclub,-37.819775804387085,144.95746975329038
Gin Palace,"10 Russell Place, Melbourne, 3000",Bar,-37.81385598389118,144.96744878525442
The Hotel Windsor,"103-137 Spring Street, Melbourne, 3000",Hotel,-37.81195937492122,144.97313628316482
Bar Nacional,"Tenancy 47, Ground, 727 Collins Street, Docklands, 3008",Bar,-37.82046725912159,144.94982290293075
"Club 23, Crown Melbourne","Restaurant Crown Towers Hotel, Crown Casino, 8 Whiteman Street, Southbank, 3006",Nightclub,-37.82243272720292,144.9601748810828
Clique Bar,"Level 1, 26 King Street, Melbourne, 3000",Nightclub,-37.81961099011078,144.95739295718033
Man Tong Kitchen,"Shop 46B, Ground, 8 Whiteman Street, Southbank, 3006",Bar,-37.82237743370056,144.96013664101957
Randy Dragon,"Unit 1, Basement, 313-315 Flinders Lane, Melbourne, 3000",Bar,-37.817456737067324,144.96378913395765
QV Melbourne,"278-300 Swanston Street, Melbourne, 3000",Bar,-37.81103540168751,144.96467176356475
Lion Hotel at Melbourne Central,"Shop 303, Level 3, 300 Lonsdale Street, Melbourne, 3000",Bar,-37.81049466323917,144.96260892303593
Crown Casino,"8 Whiteman Street, Southbank, 3006",Casino,-37.82248664358092,144.96013363399763
Duke Of Kent Hotel,"293-299 La Trobe Street, Melbourne, 3000",Venue,-37.81071423194513,144.96049941842946
Capitano,"421 Rathdowne Street, Carlton, 3053",Hotel,-37.79645167488737,144.97050823745553
Witches In Britches,"78-86 Dudley Street, West Melbourne, 3003",Amusement/Theme Venue,-37.80900975220489,144.9526861520936
AAMI Park,"AAMI Park, Olympic Park, 60 Olympic Boulevard, Melbourne, 3004",Performance Space,-37.823968769882505,144.98255462534763
Robot Bar,"12 Bligh Place, Melbourne, 3000",Bar,-37.81710896940462,144.9637044827892
Union House Theatre University of Melbourne,"Union House Building 130, 230 Grattan Street, Parkville, 3010",Public University/College,-37.79991295880573,144.96063239627077
Max Watt's,"Gnd & Bmt, 125 Swanston Street, Melbourne, 3000",Venue,-37.81474151304183,144.96600928994255
Coopers Inn,"Shop 1, 242 Exhibition Street, Melbourne, 3000",Hotel,-37.809916568560254,144.96975861429243
Immigration Museum,"400-424 Flinders Street, Melbourne, 3000",Museum,-37.81931971370013,144.96049295002675
Bird's Basement,"11 Singers Lane, Melbourne, 3000",Venue,-37.8112098332617,144.95679721844013
Club Retro,"383 Lonsdale Street, Melbourne, 3000",Nightclub,-37.81272937894269,144.96122123033936
Disco Bar,"Level 1-4, 167-175 Franklin Street, Melbourne, 3000",Bar,-37.80871596791028,144.95902457942904
Ms Collins,"Gnd & Mezzanine, 425 Collins Street, Melbourne, 3000",Nightclub,-37.8173778889626,144.96055381695814
The Wharf Hotel,"Shop 17, Ground, 18-38 Siddeley Street, Docklands, 3008",Hotel,-37.82227454064513,144.9535974644043
Off The Hip Records,"Basement, 387 Flinders Lane, Melbourne, 3000",Multi-Use,-37.818170221925946,144.9612683910999
El Coco,"Ground, 120 King Street, Melbourne, 3000",Nightclub,-37.81726434461992,144.95638356625756
The Emerald Peacock,"233 Lonsdale Street, Melbourne, 3000",Bar,-37.81146925497217,144.9655499214504
Club Voltaire,"Gnd & Level 1, 14 Raglan Street, North Melbourne, 3051",Venue,-37.80432381180095,144.95011526791205
Mr Tod,"Basement, 2-6 Parliament Place, East Melbourne, 3002",Multi-Use,-37.81168447518055,144.97552005641302
Waterside Hotel,"508-514 Flinders Street, Melbourne, 3000",Unknown,-37.820280653979886,144.95723615975294
Spice Market,"LwrGround, 121-131 Collins Street, Melbourne, 3000",Nightclub,-37.81548538501546,144.96956538490497
The Comic's Lounge,"Level 1, 26 Errol Street, North Melbourne, 3051",Venue,-37.80449837044193,144.94954077158977
Manchuria,"Level 1, 7-9 Waratah Place, Melbourne, 3000",Bar,-37.811626300807845,144.96709845288777
The Toff in Town,"Unit S3-S4, Level 2, 252 Swanston Street, Melbourne, 3000",Venue,-37.81204362060309,144.96521148704275
Soho Restaurant and Bar,"Ground, 4 Riverside Quay, Southbank, 3006",Unknown,-37.821090034747975,144.96358553751085
Sofitel Melbourne On Collins,"Sofitel Hotel, Collins Tower, 25 Collins Street, Melbourne, 3000",Accommodation,-37.81376526700552,144.9729234875978
Aria Bar & Lounge,"Podium, 1 Southgate Avenue, Southbank, 3006",Bar,-37.82047861515797,144.96589092458512
Paris Cat Jazz Club,"4-6 Goldie Place, Melbourne, 3000",Venue,-37.81355852666572,144.96075407581748
RACV City Club,"501 Bourke Street, Melbourne, 3000",Hotel,-37.81557207833605,144.9591017007643
The Palms At Crown,"Shop 54A, Level 2, 8 Whiteman Street, Southbank, 3006",Bar,-37.82237605653925,144.96005715393778
Workshop,"Level 1, 413-417 Elizabeth Street, Melbourne, 3000",Bar,-37.80915406493112,144.9606400792035
Carlton Yacht Club,"298 Lygon Street, Carlton, 3053",Unknown,-37.79997064325397,144.96723895405708
The Forum Theatre,"150-162 Flinders Street, Melbourne, 3000",Venue,-37.81672152422505,144.9694950938554
The Bottom End,"577-583 Little Collins Street, Melbourne, 3000",Unknown,-37.81764606140045,144.95554920127617
New Guernica,"Level 2, 318-322 Little Collins Street, Melbourne, 3000",Nightclub,-37.81503810840179,144.96410864029963
CQ Melbourne,"Ground, 113 Queen Street, Melbourne, 3000",Nightclub,-37.81589017821173,144.9609036675483
The Red Hummingbird,"Level 1, 246 Russell Street, Melbourne, 3000",Bar,-37.81048858505954,144.96722384705905
The Lui Bar,"Level 55S, 525 Collins Street, Melbourne, 3000",Unknown,-37.818353178519466,144.95714325498983
Belgian Beer Cafe Melbourne,"5 Riverside Quay, Southbank, 3006",Bar,-37.82144024332026,144.96446071868732
Arts Centre Melbourne,"100 St Kilda Road, Southbank, 3006",Performance Space,-37.82155285992504,144.96888500926758
Insignia On Flinders,"502-504 Flinders Street, Melbourne, 3000",Bar,-37.82013879156501,144.95772242087293
Hardimans Hotel,"521 Macaulay Road, Kensington, 3031",Hotel,-37.79436125976925,144.92860315925475
Colonial Hotel/Brown Alley Night Club,"240 King Street, Melbourne, 3000",Hotel,-37.81460565414994,144.95509368927424
The Royal Melbourne Hotel,"621-633 Bourke Street, Melbourne, 3000",Unknown,-37.816698511726194,144.95514280793918
The Curtin,"John Curtin Hotel, 27-31 Lygon Street, Carlton, 3053",Venue,-37.806212169256085,144.9658160624824
Riverland Bar,"Vault, 1-9 Princes Walk, Melbourne, 3000",Bar,-37.818689511539546,144.96869720953168
Speakeasy HQ,"Level 1, 520-522 Flinders Street, Melbourne, 3000",Theatre,-37.82035793268759,144.95696625309793
170 Russell/Billboard Nightclub,"Basement,Part Ground & Part Level 8, 180 Russell Street, Melbourne, 3000",Nightclub,-37.812052247519325,144.96793672846434
Vamos,"Level 1, 37-41 Little Bourke Street, Melbourne, 3000",Bar,-37.81074783695343,144.97146559576274
Kathleen Syme Library and Community Centre,"251 Faraday Street, Carlton, 3053",Multi-Use,-37.79861750965004,144.9654893886899
Vodka Temple,"Ground, 160-162 Lygon Street, Carlton, 3053",Nightclub,-37.80345202353251,144.9666383380664
Union Electric,"13 Heffernan Lane, Melbourne, 3000",Bar,-37.811773258347344,144.9666888906996
Arbory Bar and Eatery,"2 Flinders Walk, Melbourne, 3000",Bar,-37.81890972470938,144.96679263372738
AIM (Australian Institute of Music),"Gnd & Levels 1 -3, 120 King Street, Melbourne, 3000",Recording,-37.81726158549317,144.95622460343756
Section 8 Bar,"27-29 Tattersalls Lane, Melbourne, 3000",Bar,-37.8117627149045,144.9654889438025
Athenaeum Theatre,"184-192 Collins Street, Melbourne, 3000",Theatre,-37.81509631361538,144.96731018907587
The Bodega,"Shop 2, 47-55 Little Bourke Street, Melbourne, 3000",Bar,-37.8108890793276,144.97103359901016
Abbey Road Institute,"Suite 1, Ground, 135 Sturt Street, Southbank, 3006",Recording,-37.827341922099656,144.96636533745024
Fiftyfive,"Basement, 55 Elizabeth Street, Melbourne, 3000",Bar,-37.81697659904653,144.96422322338523
Her Majesty's Theatre,"199-219 Exhibition Street, Melbourne, 3000",Theatre,-37.81089990679512,144.96984175787586
Sheraton Hotel Melbourne,"27 Little Collins Street, Melbourne, 3000",Accommodation,-37.812646032283375,144.9726492304484
Troika Bar,"Ground, 106 Little Lonsdale Street, Melbourne, 3000",Bar,-37.809251212232525,144.96862686025293
Therapy Nightclub  at Crown,"Shop 52, Level 2, 8 Whiteman Street, Southbank, 3006",Nightclub,-37.82381122217111,144.95741449297574
Angel Music Bar,"12 Bourke Street, Melbourne, 3000",Bar,-37.8113496150961,144.97256750232202
Campari House,"21-25 Hardware Lane, Melbourne, 3000",Bar,-37.81406901492111,144.96139208309128
University of Melbourne,"230 Grattan Street, Parkville, 3010",Performance Space,-37.79991020647911,144.9604734702218
Blue Diamond,"Level 15, 123 Queen Street, Melbourne, 3000",Unknown,-37.8156945346344,144.960819979804
Town Hall Hotel,"33 Errol Street, North Melbourne, 3051",Hotel,-37.8042244812213,144.94924245595533
Whitehart Bar,"Rear, 359 Lonsdale Street, Melbourne, 3000",Unknown,-37.81255176993681,144.9618356969375
Munich Brauhaus,"45 South Wharf Promenade, South Wharf, 3006",Hotel,-37.82407576505346,144.95043329351685
National Gallery of Victoria,"180 St Kilda Road, Southbank, 3006",Amusement/Theme Venue,-37.82289869795763,144.9695692957962
Ormond Hall,"17 Church Street, Parkville, 3052",Performance Space,-37.78783638375116,144.9416332134173
The Barre,"100 St Kilda Road, Southbank, 3006",Bar,-37.82150031142338,144.96900573614997
Fabrique Bar,"272 City Road, Southbank, 3006",Nightclub,-37.82629052318406,144.95944606241918
Melbourne Savage Club,"The Melbourne Savage Club, 12-16 Bank Place, Melbourne, 3000",Nightclub,-37.81658693170178,144.96043647413035
Father's Office,"249 Little Lonsdale Street, Melbourne, 3000",Bar,-37.81051763850372,144.9646508376141
Royal Standard Hotel,"333-337 William Street, West Melbourne, 3003",Hotel,-37.80777173629092,144.9544061811974
Rod Laver Arena,"Rod Laver Arena, Melbourne Park, 200 Batman Avenue, Melbourne, 3004",Performance Space,-37.82258727739611,144.97777394537906
The Metropolitan Hotel,"The Metropolitan Hotel, 263-265 William Street, Melbourne, 3000",Hotel,-37.812911404982586,144.95676240471337
Fad Gallery,"Gnd & Flr1, 14 Corrs Lane, Melbourne, 3000",Bar,-37.81123539893844,144.9683349834688
Penny Blue,"2 Driver Lane, Melbourne, 3000",Bar,-37.81282106809502,144.96298868379125
Three Crowns Hotel,"361-365 Victoria Street, West Melbourne, 3003",Hotel,-37.8052879130126,144.9494898220434
St Michael's Uniting Church,"St Michaels Uniting Church, 122-136 Collins Street, Melbourne, 3000",Church,-37.81452691849391,144.96935205119595
The Kelvin Club,"Kelvin Club, 14-30 Melbourne Place, Melbourne, 3000",Unknown,-37.8132350970678,144.96883724816743
Baroq House,"Gnd & Bmt, 2 Drewery Place, Melbourne, 3000",Unknown,-37.81119498448426,144.9640484516178
The Leveson,"46 Leveson Street, North Melbourne, 3051",Hotel,-37.80370793018695,144.951185078014
Cherry Bar,"Basement, 103 Flinders Lane, Melbourne, 3000",Venue,-37.815376525088666,144.97089701596647
The Langham,"234-236 Domain Road, South Yarra, 3141",Hotel,-37.83444869858646,144.98562037149898
The Botanical,"169 Domain Road, South Yarra, 3141",Hotel,-37.83414391594419,144.98179263809277
Basement Discs,"Basement, 24 Block Place, Melbourne, 3000",Performance Space,-37.81539881250944,144.96439685314675
Hopscotch Urban Beer Bar,"Shop 4, 4 Riverside Quay, Southbank, 3006",Bar,-37.82109278417599,144.96374450927075
Café Segovia,"33 Block Place, Melbourne, 3000",Unknown,-37.81530880548056,144.96431671833355
La Di Da,"188-200 King Street, Melbourne, 3000",Nightclub,-37.815558987309416,144.95553316188418
Young & Jackson,"Young And Jacksons Hotel, 1 Swanston Street, Melbourne, 3000",Hotel,-37.81736432768269,144.96721031538397
Sokol Melbourne,"497 Queensberry Street, North Melbourne, 3051",Hotel,-37.80332009816263,144.95076027104383
Arrow On Swanston,"488 Swanston Street, Carlton, 3053",Venue,-37.805459370954416,144.96327549662402
Charlie's Bar,"Basement, 67 Hardware Lane, Melbourne, 3000",Unknown,-37.81325334536212,144.9610159338816
The Last Chance Rock & Roll Bar,"238 Victoria Street, Melbourne, 3000",Venue,-37.80601960940114,144.95855233201263
The Australian Club,"110 William Street, Melbourne, 3000",Venue,-37.81667147850722,144.95884607575877
San Marco Social Club,"149 Canning Street, Carlton, 3053",Community Hall,-37.795035125757934,144.97317627114788
Chaise Lounge,"Basement, 105 Queen Street, Melbourne, 3000",Nightclub,-37.81607553369085,144.96100472386703
Max Bar and Restaurant,"Ground, 54 Hardware Lane, Melbourne, 3000",Bar,-37.813473669206125,144.96119469998956
Pan Pacific Melbourne,"Pan Pacific Melbourne, 2 Convention Centre Place, South Wharf, 3006",Accommodation,-37.82511036230947,144.9509891753036
City Library,"Pt Gnd ,Pt Mezz & Lvl 1, 253-265 Flinders Lane, Melbourne, 3000",Library,-37.816868507007,144.96581223646334
Euro House,"Ground, 16-20 Corrs Lane, Melbourne, 3000",Nightclub,-37.81115429522088,144.96821759637908
Watermark Docklands,"Shop 9, 800 Bourke Street, Docklands, 3008",Bar,-37.81926761043375,144.94526954775787
Testing Grounds,"1-23 City Road, Southbank, 3006",Bar,-37.82122194809231,144.9675570806361
InterContinental Melbourne The Rialto,"487-503 Collins Street, Melbourne, 3000",Accommodation,-37.81812958399533,144.95792591365702
Boney,"68 Little Collins Street, Melbourne, 3000",Venue,-37.81290578487124,144.97136869242834
Magic Mountain Saloon,"62 Little Collins Street, Melbourne, 3000",Bar,-37.81286539524204,144.97150999418588
Wonderland Under the Melbourne Star,"Shop 5, 101 Waterfront Way, Docklands, 3008",Amusement/Theme Venue,-37.81170825776341,144.93818411601958
The Croft Institute,"21-25 Croft Alley, Melbourne, 3000",Nightclub,-37.8120527407846,144.96912389323862
Exford Hotel,"199-203 Russell Street, Melbourne, 3000",Hotel,-37.81176295391396,144.96743873754548
The Plenary Hall,"2 Clarendon Street, South Wharf, 3006",Multi-Use,-37.823627136260576,144.9560231776494
401 The Order,"Level 2 & Roof, 401 Swanston Street, Melbourne, 3000",Bar,-37.809036429996624,144.96337709793107
The Charles Dickens Tavern,"Basement, 290 Collins Street, Melbourne, 3000",Hotel,-37.81593815528815,144.96453019096924
The Carlton,"193-199 Bourke Street, Melbourne, 3000",Hotel,-37.81309470257678,144.9676166993641
Southbank Library at Boyd,"Ground, 207 City Road, Southbank, 3006",Library,-37.8253171546193,144.96107200523335
Khokolat Bar,"Basement, 43-49 Hardware Lane, Melbourne, 3000",Nightclub,-37.81359471929996,144.96117047987784
Shed 14/Peninsula,"161 Harbour Esplanade, Docklands, 3008",Performance Space,-37.81596806067532,144.94497289363386
West Space Inc,"Level 1, 225 Bourke Street, Melbourne, 3000",Multi-Use,-37.81328852220956,144.96695028225128
Alexandra Gardens,"Alexandra Avenue, Melbourne, 3004",Performance Space,-37.82080257920049,144.9718556930413
Transit Rooftop Bar,"Tenancy 29, Level 2, 2 Swanston Street, Melbourne, 3000",Hotel,-37.81828956913258,144.96896893362114
Building 8,"Building 8, RMIT University, 360 Swanston Street, Melbourne, 3000",Multi-Use,-37.80877875813838,144.96362521955905
Left Bank Melbourne,"Ground, 1 Southbank Boulevard, Southbank, 3006",Bar,-37.82098853598016,144.9625166793894
Alumbra,"Shed 9, Victoria Harbour, Docklands, 3008",Nightclub,-37.81656881500009,144.94383499834845
Bomba Tapas Bar and Rooftop,"Ground & Rooftop, 103 Lonsdale Street, Melbourne, 3000",Bar,-37.81038063462455,144.9692357633733
Melbourne Museum,"11 Nicholson Street, Carlton, 3053",Museum,-37.80372847051283,144.97373148063383
The Elephant and Wheelbarrow,"94-96 Bourke Street, Melbourne, 3000",Hotel,-37.81200303851325,144.97032587079298
Roxanne Bar,"Level 2-3, 2 Coverlid Place, Melbourne, 3000",Venue,-37.81229007761765,144.96856088051632
The Drunken Poet,"Ground, 65 Peel Street, West Melbourne, 3003",Bar,-37.80669546524965,144.95560816104967
Urban Central Backpackers,"Pt Ground & Levels 1-5, 334-342 City Road, Southbank, 3006",Venue,-37.82795247595504,144.95758234751773
Melbourne Town Hall,"90-130 Swanston Street, Melbourne, 3000",Performance Space,-37.81491254379964,144.9664536170434
Eau de Vie,"Rear, 88 Flinders Street, Melbourne, 3000",Bar,-37.81602795476901,144.97181318906033
Polepole Bar,"Ground & Level 1, 267 Little Collins Street, Melbourne, 3000",Bar,-37.81471253447779,144.96556243961416
GoGo Bar,"Basement, 125 Flinders Lane, Melbourne, 3000",Bar,-37.81553872471665,144.97036036207516
The Woolshed,"Shed 9, Victoria Harbour, Docklands, 3008",Hotel,-37.816571590803626,144.9439939584494
Horse Bazaar,"Ground, 397 Little Lonsdale Street, Melbourne, 3000",Bar,-37.81181776178239,144.96018541434393
Colour Nightclub,"229 Queensbury St, Carlton,",Nightclub,-37.80447486558001,144.9611358873818
Trapt Bar and Escape Rooms,"Unit 1, 377 Lonsdale Street, Melbourne, 3000",Unknown,-37.81267565867737,144.96140750009823
Good Heavens,"Level 2, 79 Bourke Street, Melbourne, 3000",Bar,-37.81207864874162,144.97105279643523
Berlin Bar,"Level 1, 16-20 Corrs Lane, Melbourne, 3000",Bar,-37.8111570377892,144.96837654729146
Australian Centre for the Moving Image (ACMI),"Tenancy 6, Alfred Deakin Building, Federation Square, 2 Swanston Street, Melbourne, 3000",Multi-Use,-37.81834623092842,144.9690866616395
The Mill House Bar,"Unit 1, Basement, 277 Flinders Lane, Melbourne, 3000",Bar,-37.81703740632109,144.96524327382468
Harley House,"71 Collins Street, Melbourne, 3000",Bar,-37.81424168617854,144.97130100975428
Dan O'Connell Hotel,"223-227 Canning Street, Carlton, 3053",Hotel,-37.7930358326425,144.9735256623954
Park Hyatt Melbourne,"20 Parliament Place, East Melbourne, 3002",Accommodation,-37.811280207254434,144.97559084778078
New Market Studios,"87-91 Arden Street, North Melbourne, 3051",Unknown,-37.80085694095499,144.94761918548477
The Butterfly Club,"Level 1-3, 256 Collins Street, Melbourne, 3000",Unknown,-37.81569096024321,144.96536899928205
RMIT University,"100-186 La Trobe Street, Melbourne, 3000",Gallery,-37.80909709805,144.96503629766326
Margaret Court Arena,"Margaret Court Arena, Melbourne Park, 200 Batman Avenue, Melbourne, 3004",Performance Space,-37.8225900077663,144.9779329217489
Sidney Myer Music Bowl,"Alexandra Avenue, Melbourne, 3004",Unknown,-37.82300093980653,144.97482025339892
All Nations Backpackers Bar/Ubar,"8 Spencer Street, Melbourne, 3000",Unknown,-37.82071951706634,144.95509884823858
Spaghetti Tree Restaurant,"Ground, 59-63 Bourke Street, Melbourne, 3000",Bar,-37.8119532178998,144.97148245909204
Melbourne Public,"15 Dukes Walk, South Wharf, 3006",Unknown,-37.82438903938934,144.95063258929684
The Irish Times Pub,"Gnd & Flr1, 427 Little Collins Street, Melbourne, 3000",Bar,-37.81619295477831,144.960463460251
Assembly Hall,"156 Collins Street, Melbourne, 3000",Performance Space,-37.8148247935781,144.96831819904696
Melbourne Showgrounds,"300 Epsom Road, Flemington, 3032",Amusement/Theme Venue,-37.78040735195738,144.91437999700486
Ferdydurke,"Level 1-2, 239 Lonsdale Street, Melbourne, 3000",Bar,-37.81152722554096,144.96535317015017
