Record ID,Title,Creator,Date,Format,Publisher,Description,Rights,Spatial,Subjects,Contributor,Thumbnail,Link to the item
994259524702061,A Federal song[music] /words by George Essex Evans ; music by George Sampson,"Sampson, George,1861-1949.",c1899.,1 score (3 p.) ;36 cm.,"Gordon & Gotch,",Words printed inside back page.,Out of copyright. You are free to use without permission. Please attribute the State Library of Queensland.,,Confederation of states--Australia--Songs and music.;Federal government--Australia--Songs and music.;National songs--Australia;Patriotic music--Australia.,"Evans, George Essex,1863-1909.",,http://hdl.handle.net/10462/comp/1213
997218744702061,Australia unfurl the flag![music] /G. Christian Neech,"Neech, G. Christian(George Christian)",1914,1 score (3 p.) ;37 cm.,"Sapsford,","On front cover: In aid of the Patriotic Fund, 1914 .",,,"Songs, English--Queensland",,https://digital.slq.qld.gov.au/delivery/DeliveryManagerServlet?dps_pid=FL1726429&dps_func=thumbnail,http://hdl.handle.net/10462/comp/1201
994251234702061,Australia[music] /words and music by Wm. Blenheim,"Blenheim, William",[19--].,1 score [2] p. ;30 cm.,"[s.n.],","""Music and words by William Blenheim, composer of ""Qld. South Coast"", ""Whisper"", and ""Out West"", etc"". --cover.",Out of copyright. You are free to use without permission. Please attribute the State Library of Queensland.,,National songs--Australia.;Patriotic music--Australia.;Songs with piano.,,,http://hdl.handle.net/10462/comp/1327
994256074702061,Australian anthem[music] /words by Brunton Stephens ; music by R. T. Jefferies,"Jefferies, Richard Thomas,1841-1920",[18--?],1 score (7 p.) ;37 cm.,"Paling, Kaye & Jefferies,","""Dedicated by permission to H.R.H.,The Duke of Edinburgh, K.G.""--cover caption.",Out of copyright. You are free to use without permission. Please attribute the State Library of Queensland.,,National songs--Australia;Patriotic music--Australia;Songs with piano,"Stephens, J. Brunton(James Brunton),1835-1902.",,http://hdl.handle.net/10462/comp/1190
996110654702061,Australian coo-ee :song /words by Robert Munro ; set to music by Hendrick Stein.,"Stein, Hendrick",[19--?],1 score (3) p. ;32 cm.,"E. A .Howard,","""Photograph on front cover features a man sitting astride a horse"".;At head of cover title: ""Blood's thicker than water"".",Out of copyright. You are free to use without permission. Please attribute the State Library of Queensland.,,Songs with piano;Songs--Australia,"Munro, Robert",,http://hdl.handle.net/10462/comp/1262
994694624702061,Be aisy /music by Ernest R. B. Jordan ; words by 'Teeby',"Jordan, Ernest Robert Bannister,1885-1941.",[19--?],1  score (7) p. ;36 cm.,"G. J. Grice Ltd.,","""Signed by composer on front cover"".;Text printed on inside of front cover.",Out of copyright. You are free to use without permission. Please attribute the State Library of Queensland.,,Songs with piano.,Teeby.,,http://hdl.handle.net/10462/comp/1256
997596204702061,Beautiful sunshine[music] /words by E.T.Shorley ; music by Stan Wood.,"Wood, Stan",[19--?],1 score (3 p.) ;36 cm.,"Printed at Record Printing Company,","""Featured by Harry Little"".--cover.;Text of song printed on preface page.",Copyright undetermined. You are free to use for personal research and study. For other uses see https://www.slq.qld.gov.au/understanding-copyright,,Songs with piano.,"Shorley, E. T.(Ezra Thomas),1868-1946.",,http://hdl.handle.net/10462/comp/1192
997596464702061,Bird Australian song[music] :waltz /George Rankin.,"Rankin, George.",1925,1 score (13 p.) ;31 cm.,"George Rankin,","Features Currawong, Magpie and Peewee.;At head of p.3: Dedicated by permission to the Right Hon. Sir Matthew Nathan ... Governor of Queensland.",Copyright undetermined. You are free to use for personal research and study. For other uses see https://www.slq.qld.gov.au/understanding-copyright,,Birdsongs--Australia;Piano music.,,,http://hdl.handle.net/10462/comp/1215
994398434702061,Black watch junr. /written by A.C.Phillips ; composed by Henry Hawkins,"Hawkins, Henry",[19-?],1 score (3) p. ;34 cm.,"The Carter-Watson Co.,","""Black watch junr. to black watch senr"". --cover title.;""Sung by Will F. Cameron"". --cover.;""Written for the 42nd Battalion, A.I.F"". --cover.;Caption title.",Out of copyright. You are free to use without permission. Please attribute the State Library of Queensland.,,"World War, 1914-1918--Australia--Songs and music.","Phillips, A. C.",,http://hdl.handle.net/10462/comp/1230
996258304702061,Bowling song[music] /music by Percy Brier ; words by N.Sapsford.,"Brier, Percy,1885-1970",[19--?],1 score (4 p.) ;37 cm.,"Sapsford & Co.,","""Dedicated to James Chapman, ESQ"". -cover.",In copyright. You are free to use for personal research and study. For other uses see https://www.slq.qld.gov.au/understanding-copyright,,Bowls (Game)--Songs and music;Songs (Medium voice) with piano.,"Sapsford, N.",,http://hdl.handle.net/10462/comp/1183
994255494702061,"Boys of Australia[music] /words and music by J.T.Caves, bandmaster, No. 1 Depot Band, A.I.F.","Caves, J. T.(John Thomas).",[19--?].,,"[Valley Art Printing Co.],","""Cover portrait of No.1 Depot band, A.I.F."";""Dedicated to the Australian Imperial Forces"". --cover.",Out of copyright. You are free to use without permission. Please attribute the State Library of Queensland.,,"Australia.--Army.--Australian Imperial Force (1914-1921)--Songs and music.;Patriotic music--Australia.;War songs--Australia.;World War, 1914-1918--Australia--Songs and music.",,,http://hdl.handle.net/10462/comp/1187
997596144702061,Boys will be boys[music] /words and music by Fred T. Smith.,"Smith, Fred T.",[19--?].,1 score (4) p. :36 cm.,"Star Music Co.,","""A stirring march song"" --cover.;""Sung by Gilbert Learmonth, Gilbert Ferguson, Titus George and many others, with great success""--cover.;Cover has photo of Gilbert Learmonth (""Sung by Gilbert Learmonth with great success"".);Cover photo  titled: ""Successful Treasure Escort in Recent Scouting Scheme"":  L. Michelli (Driver) ,  Scoutmaster R. Pickering, Corporal J. Kenyon, Corporal J. Gibbon, Patrol-Leader H. Hamilton.",Out of copyright. You are free to use without permission. Please attribute the State Library of Queensland.,,Songs (High voice) with piano.;Songs with piano.,,,http://hdl.handle.net/10462/comp/1171
997596554702061,Bring the girls along[music] :the yachtsman's song : double chorus song and fox trot /words by E.T. Shorley ; music by H. Middleton.,"Middleton, Harold.",[192-?],1 score [3] p. ;33 cm.,"E.T. Shorley,","Cover features photograph of sailing skiff (possibly 18 or 22 footer ), sailing off Manly, Brisbane.;Cover title.;Words printed on last page.",Out of copyright. You are free to use without permission. Please attribute the State Library of Queensland.,,Songs with piano.,"Shorley, E. T.(Ezra Thomas),1868-1946.",,http://hdl.handle.net/10462/comp/1178
997332614702061,Brothers in arms[music] :patriotic song /words and music by R. Molyneux Herbert,"Herbert, R Molyneux.",[ca. 1900].,1 score (6) p. ;35 cm.,"Chivers and Co,",Cover title.;'Dedicated to the United Australasian Contingents in the Transvaal'--cover.,Out of copyright. You are free to use without permission. Please attribute the State Library of Queensland.,,"Songs, English--Australia.",,https://digital.slq.qld.gov.au/delivery/DeliveryManagerServlet?dps_pid=FL1726461&dps_func=thumbnail,http://hdl.handle.net/10462/comp/1205
994256134702061,Bundaberg[music] :vocal one-step /words and music by Harry Harmer,"Harmer, Harry.",[19--?],1 score (2) p. ;32 cm.,"Neilson's Music House,","""Bundaberg my home sweet home"" - Cover title.",Out of copyright. You are free to use without permission. Please attribute the State Library of Queensland.,Bundaberg (Qld.);-24.866109;152.348847,Cities and towns--Queensland--Bundaberg--Songs and music.;Songs with piano,,,http://hdl.handle.net/10462/comp/1199
997571374702061,Burnett waltz[music] /composed by Leila Ruth Rowland.,"Rowland, Leila Ruth,1879-1958.",[19--?],1 score (5) p. ;37 cm.,"W.H.Paling & Co.,","""Dedicated to Lady Macgregor"" - caption.;""Front cover features photograph of the Kennedy Bridge, in Bourbong Street, Bundaberg which spans the Burnett River"".",In copyright. You are free to use for personal research and study. For other uses see https://www.slq.qld.gov.au/understanding-copyright,"Burnett River Region (Qld.);Kennedy Bridge (Bundaberg, Qld.);-24.864322;152.346039",Bridges--Queensland--Burnett River--Pictorial works.;Piano music--Queensland.;Waltzes.,,,http://hdl.handle.net/10462/comp/1193
994256524702061,Calling Coo-ee[music] :when I hear you calling coo-ee I shall know that you are back. /words and music by Harold Middleton.,"Middleton, Harold",c1924.,1 score (4) p. ;29 cm.,"W. H. Paling & Co.,","""Successfully featured by Mr.G.P.Hanna's celebrated 'Diggers' at Cremorne Brisbane"". - cover caption.;Cover has title: Calling cooee;Cover subtitle: A fox-trot with a real Australian flavour.",Copyright undetermined. You are free to use for personal research and study. For other uses see https://www.slq.qld.gov.au/understanding-copyright,,"Foxtrots.;Songs with piano.;Songs, English--Australia.",,,http://hdl.handle.net/10462/comp/1204
994256534702061,Canberra waltz[music] /by Charlotte Cameron,"Cameron, Charlotte M.,1870-","[ 1927] (Melbourne : Troedel & Cooper Pty. Ltd., Printers)",1 score (8 p.) ;36 cm.,"[Charlotte Cameron],","""Composer of Townsville waltz, Cleveland bay (song) and God Bless our King (Coronation ode)"". --cover.;""Dedicated by kind permission to His Excellency Lord Denman, Governor General of the Commonwealth of Australia"". --cover.;Cover title.",In copyright. You are free to use for personal research and study. For other uses see https://www.slq.qld.gov.au/understanding-copyright,Canberra (A.C.T.);-35.28204;149.12858,Piano music--Australia.;Waltzes.,"Denman, Thomas,Lord,1874-1954.",,http://hdl.handle.net/10462/comp/1217
995035204702061,Centenary song /words and air by Lilian Statham ; music by Evelyn Richter,"Richter, Evelyn",[19--?].,1 score (2) p. ;31 cm.,"Printed by the Fassifern Guardian,","""Dedicated to the memory of the pioneers of the Fassifern District"". - cover.;""Key B flat""--cover.",In copyright. You are free to use for personal research and study. For other uses see https://www.slq.qld.gov.au/understanding-copyright,Fassifern Region (Qld.),Songs with piano.,"Statham, Lilian",,http://hdl.handle.net/10462/comp/1260
994258584702061,"Coolangatta[music] :that's the place for me /words and music by Rita McIvor [i.e McIver], Fred Whaite, Eb. Jackson.","McIver, Rita",[19--?],1 score (3) p. ;30 cm.,"E. O. Farley,","""Features photograph of Coolangatta beach on front cover"";""The big song success at Bohemia Theatre, Brisbane"". --cover.",Out of copyright. You are free to use without permission. Please attribute the State Library of Queensland.,Coolangatta (Qld.);-28.166681;153.539944,Songs with piano,"Jackson, Ebenezer.;Whaite, Fred(Frederick)",,http://hdl.handle.net/10462/comp/1208
997636844702061,Coronation waltz[music] :introducing national anthem. /E. M. Edkins.,"Edkins, E. M.(Edwina M.)",19--?].,1 score (5 p.) ;33 cm.,"Mount Cornish?,","""Dedicated to the memory of the Queensland soldiers."" -- caption.",Out of copyright. You are free to use without permission. Please attribute the State Library of Queensland.,,"Piano music.;Soldiers--Queensland--Songs and music.;World War, 1939-1945--Queensland--Songs and music",,,http://hdl.handle.net/10462/comp/1180
997571524702061,Cricket is the game[music] /words by Col. Lynns ; music by May Lea.,"Lea, May.",[19--?],1 score [3] p. ;31 cm.,"Printed by Record Printing Company,","""Autograph on front cover: E. T. Shorley"".;""Front cover features image of man bowling a cricket ball"".",Out of copyright. You are free to use without permission. Please attribute the State Library of Queensland.,,Cricket--Songs and music.;Songs (Medium voice) with piano.,"Lynns, Col.",,http://hdl.handle.net/10462/comp/1200
997571484702061,Down on the sands at Emu Park[music]  /words by E. T. Shorley ; music by Stan Wood.,"Wood, Stan",[19--?],1 score (4) p. :ill. ;33 cm.,"Printed by Record Printing Company,","""Features black & white photo of Men's beach, Emu Park (on front cover). Photos inside include: Township of Emu Park ; Sunday excursion, Emu Park (inside front cover) ; Emu Park looking East ; Fisherman's Beach, Emu Park (inside back cover)"".;Text of song printed on preface page.",Copyright undetermined. You are free to use for personal research and study. For other uses see https://www.slq.qld.gov.au/understanding-copyright,-23.257223;150.82635,Emu Park (Qld.)--Songs and music.;Songs (Medium voice) with piano.,"Shorley, E. T.(Ezra Thomas),1868-1946.",,http://hdl.handle.net/10462/comp/1186
994259774702061,Girls of Australia[music] :waltz /E. C. G. Weise,"Weise, E. C. G.(Edward Carl Gustav)1869-1939.",,1 score (2) p. ;32 cm.,"H.  Pole & Co Pty Ltd., [19--?]","""By the same composer, anthem ""God Save Australia"".--back cover.",Out of copyright. You are free to use without permission. Please attribute the State Library of Queensland.,,Piano music--Australia.;Waltzes.,,,http://hdl.handle.net/10462/comp/1218
997596414702061,Glorious Australia[music] /M. Egan-Mulry.,"Egan-Mulry, M.,1863-1934",191-?],1 score (2) p. ;37 cm.,"M. Egan-Mulry,","""Dedicated to those grand old pioneers, who blazed the track in bygone years, amongst whom are our kith and kin, they undaunted, fearless, fought to win""--cover.;""Photograph of woman on front cover (Egan-Mulry?), with caption ""Young Australia"" beneath it"".",Out of copyright. You are free to use without permission. Please attribute the State Library of Queensland.,,Patriotic music--Australia.;Songs with piano.;Vocal music--Australia.,,,http://hdl.handle.net/10462/comp/1198
997636904702061,God save Australia /words and music by E. C. G. Weise.,"Weise, E. C. G.(Edward Carl Gustav)1869-1939.",[1938?],1 score (2) p. ;32 cm.,"H. Pole & Co. Pty. Ltd. Printers,",,Out of copyright. You are free to use without permission. Please attribute the State Library of Queensland.,Sandgate (Qld.),Patriotic music--Australia.,,,http://hdl.handle.net/10462/comp/1238
994274194702061,Good night /words by G. F. Scott ; music by W. A. Caflisch.,"Caflisch, W. A.",[1887?],1 score (1 p.) ;30 cm,"[ s.n].,","""Composed for Brisbane Liedertafel March 1887"".",Out of copyright. You are free to use without permission. Please attribute the State Library of Queensland.,,"Choruses, Secular (Mixed voices, 4 parts), Unaccompanied","Scott, G. F.",,http://hdl.handle.net/10462/comp/1227
996857784702061,Grey eyes[music] /words by Archibald Birt ; music my W. A. Caflisch.,"Caflisch, W. A.",[19--?].,1 choral score [8] p. ;27 cm.,"W. H. Paling,","""Four part song for men's voices - baritone solo, two tenors and two basses"". -- cover.;Piano part for rehearsal only.",Out of copyright. You are free to use without permission. Please attribute the State Library of Queensland.,,"Choruses (Men's voices, 4 parts), Unaccompanied.;Music--Queensland","Brockway, Archibald Birt,1863-1943.",,http://hdl.handle.net/10462/comp/1254
994261084702061,Hear our soldiers' cry[music] /composed by Lorna Maud Harrison ; words by Mrs. John Harrison,"Harrison, Lorna Maud.",[1916?].,1 score (3p.) ;35 cm.,"Carter Watson,","""Dedicated to the honoured memory of one who gave his life for king and country""--cover.;""Sung by Miss J. Brodie Breeze to organ accompaniment by Mr. Percy Brier on the night of Mr. Hughes' reinforcement campaign speech, Brisbane, 4th October, 1916"".--cover.;""This song is written in the hope that it will put unto the hearts of others a desire to stand by their comrades""--cover.;Cover title.;Words also printed as text inside front cover.",Copyright undetermined. You are free to use for personal research and study. For other uses see https://www.slq.qld.gov.au/understanding-copyright,,"Patriotic music--Australia.;Songs with piano.;World War, 1914-1918--Australia--Songs and music.","Harrison, John,Mrs",,http://hdl.handle.net/10462/comp/1219
997596444702061,Hinkler[music] :one step. /words by Peter J. Furlong ; music by Ernest H. Grenfell.,"Grenfell, Ernest  H.",[19--?],1 score [1] p. ;32 cm.,"Tulloch & King, (Music Printers),","""One step, chorus song"". --cover.;""Proceeds devoted to Ballarat Orphanage"". --cover.;""Souvenir copy"" .-cover.",Copyright undetermined. You are free to use for personal research and study. For other uses see https://www.slq.qld.gov.au/understanding-copyright,-24.866109;152.348847,"Hinkler, Herbert John Louis,1892-1933--Songs and music.;Air pilots--Queensland--Song and music.;Songs with piano.","Furlong, Peter J.",,http://hdl.handle.net/10462/comp/1210
994263784702061,Indooroopilly[music] :the tongue twisting waltz song hit /written and composed by Billy Maloney ; arranged by Fred Whaite.,"Maloney, Billy.",c1920.,1 score [2] p. ;35 cm.,"Harston's,",Cover title.;Some covers differ slightly.;Sung with enormous success by Miss Claire Lloyd in J.N. McCallum's gorgeous Xmas pantomime 'Cinderella'--cover.,Out of copyright. You are free to use without permission. Please attribute the State Library of Queensland.,Indooroopilly (Qld.);-27.497247;152.973849,,"Whaite, Fred(Frederick)",https://digital.slq.qld.gov.au/delivery/DeliveryManagerServlet?dps_pid=FL1726537&dps_func=thumbnail,http://hdl.handle.net/10462/comp/1236
996739924702061,Intermezzo giocoso /Percy Brier.,"Brier, Percy,1885-1970",c1950.,1 score (5 p.) ;28 cm.,"Paling,","""To John Ellis"". -- t.p. caption.;Cover title .;For piano .",In copyright. You are free to use for personal research and study. For other uses see https://www.slq.qld.gov.au/understanding-copyright,,Piano music.,,,http://hdl.handle.net/10462/comp/1244
997596224702061,Ireland will be free[music] / words and music by M. Egan-Mulry.,"Egan-Mulry, M.,1863-1934",[19--?],1 score (2) p. ;37 cm.,"Outridge Printing Company Ltd,",,Out of copyright. You are free to use without permission. Please attribute the State Library of Queensland.,,"Songs with piano.;Songs, Irish--Australia.",,,http://hdl.handle.net/10462/comp/1195
994264224702061,Joy bells are ringing  /words by E. T. Shorley ; music by Helena Miller.,"Miller, Helena.",[191-?].,[3] p. ;36 cm.,"[s.n.],","""Dedicated to the heroes of the great war"". -- cover caption.;The peace song.;Words printed on preface page.",Out of copyright. You are free to use without permission. Please attribute the State Library of Queensland.,,"Patriotic music--Australia.;World War, 1914-1918--Australia--Songs and music.","Shorley, E. T.(Ezra Thomas),1868-1946.",,http://hdl.handle.net/10462/comp/1221
997596494702061,La Cuna (Cradle song)[music] /music by L.  A.  Pares ; words by C. A. Neville.,"Pares, Luis Amadeo,b. 1893.",1924,1 score [3] p. ;30 cm.,"Luis A. Pares,","""Originally a violin solo"". --cover.;""To Paquita""--cover caption.;Key C Medium voice.",Out of copyright. You are free to use without permission. Please attribute the State Library of Queensland.,,Songs (Medium voice) with piano.;Songs with piano.,"Neville, C. A.",,http://hdl.handle.net/10462/comp/1177
995034474702061,Laughter :song /the words by E. Inez Calfisch ; the music by P. S. Templeton.,"Templeton, P. S.",c1934?].,1 score (2) p. ;35 cm.,"[E. Inez Calfish & P. S. Templeton,","""E b major""--cover.;Works by Australian composers.",Copyright undetermined. You are free to use for personal research and study. For other uses see https://www.slq.qld.gov.au/understanding-copyright,,Songs with piano.,"Caflisch, E. Inez.",,http://hdl.handle.net/10462/comp/1257
997596514702061,Loved & lost[music] :song /composed by Reginald Isbell.,"Isbell, Reginald.",[19--?].,1 score (5 p.) ;35 cm.,"H. J. Pollard & Co.,","Cover title.;'Dedicated to Mrs. Gilbert Wilson"". --cover caption.",Out of copyright. You are free to use without permission. Please attribute the State Library of Queensland.,,Songs with piano.,,,http://hdl.handle.net/10462/comp/1207
997596434702061,Love's reverie[music] :song /words by E. Coungeau ; music by Percy Brier.,"Brier, Percy,1885-1970.",191-?].,1 score (5 p.) ;36 cm.,"s.n.,","""For medium voice: B to E"" -- Cover.",In copyright. You are free to use for personal research and study. For other uses see https://www.slq.qld.gov.au/understanding-copyright,,Songs (Medium voice) with piano.;Songs with piano.,"Coungeau, E.(Emily),1860-1936.",,http://hdl.handle.net/10462/comp/1206
994266284702061,Mafeking waltz  /Zara Strahan,"Strahan, Zara,1878-1937composer",[between 1902 and 1910],1  piano score (8 pages) ;37 cm.,"W.H.Paling & Co.,","""Dedicated to Lady Lamington"". --Cover.;""Under the patronage of His Excellency the Right Hon. Earl Beauchamp, K.C.M.C."";Portrait of Lord Baden-Powell on cover",Out of copyright. You are free to use without permission. Please attribute the State Library of Queensland.,,Piano music--Scores;Waltzes--Scores.,,,http://hdl.handle.net/10462/comp/1224
997636894702061,Malboona gavotte /composed by E. M. Edkins.,"Edkins, E. M.(Edwina M.)",[1903?],1 score (4 p.) ;33 cm.,"W. H. Glen & Co.,","""Dedicated to Lady Chermside"" -- in blue biro on t.p;""Malboona property outside Winton"".;""Rosamund Edkins from here notes, 26-6-1903"". -- blue biro on t.p.",Out of copyright. You are free to use without permission. Please attribute the State Library of Queensland.,Malboona (Qld.);-22.391314;143.038117,Piano music.;Ranches--Queensland--Winton Region--Songs and music.,,,http://hdl.handle.net/10462/comp/1240
996110564702061,My creed  /the words by Howard Arnold Walters ; the music by Laurie Annette Sterne,"Sterne, Laurie Annette",c1931.,1 score [2] p. ;36 cm.,"Laurie Annette Sterne,","""Dedicated to Ruth B. Fairfax, State President of the Queensland Country Women's Association, May 1931"". --cover.;Copy 3 cover varies slightly.",Out of copyright. You are free to use without permission. Please attribute the State Library of Queensland.,,Songs with piano.,"Walters, Howard Arnold.",,http://hdl.handle.net/10462/comp/1261
995034594702061,My little Aussie girl /by Mark Rooke ; [music arranged by William B. Drumman].,"Rooke, Mark.",[19--?].,1 score (3) p. ;32 cm.,"Morcoms Limited [distributor],","""Cover ill. map of Australia with woman's portrait framed by a heart shape"";""Most popular song with a catchy refrain""--cover.;""Sung with immense success by Ernie Armstrong, late of Brennan & Fuller Circuit""--cover.",Out of copyright. You are free to use without permission. Please attribute the State Library of Queensland.,,Popular music--Australia.;Songs with piano.,"Drumman, William B.",,http://hdl.handle.net/10462/comp/1259
994266844702061,Myola gavotte /Zara Strahan.,"Strahan, Zara,1878-1937.",[19--].,1 score (5 p.) ;36 cm.,"W. H. Paling & Co.,","""Composer of Mafeking waltz"". --cover.;""Dedicated by kind permission to W. A. Caflisch esq, conductor, Brisbane Liedertafel"". --cover.",Out of copyright. You are free to use without permission. Please attribute the State Library of Queensland.,-16.804367;145.608645,Gavottes.;Piano music.,,,http://hdl.handle.net/10462/comp/1239
996857764702061,Ode to peace[music] /words by William Cowper ; music by Linda Roy Bowman.,"Bowman, Linda Roy,1881-1962",[19--?].,1 choral score [8] p. ;29 cm.,"[Linda Roy Bowman?],","""Dedicated to th Blackstone-Ipswich and Cambrian Choir"". --caption.;For SATB",In copyright. You are free to use for personal research and study. For other uses see https://www.slq.qld.gov.au/understanding-copyright,,"Choruses (Mixed voices), Unaccompanied.","Cowper, William,1731-1800",,http://hdl.handle.net/10462/comp/1250
994268394702061,Orvieto :waltz /composed by Seymour A.Middleton,"Middleton, Seymour A.",[19--?].,1 score (10 p.) ;31 cm.,"W. H. Paling & Co.,","""Dedicated to Commander J.F.Ruthven"". --cover caption.;Photograph  of ship (Orvieto) on cover.",Out of copyright. You are free to use without permission. Please attribute the State Library of Queensland.,,Orvieto (Ship)--Songs and music.;Piano music;Ships--Songs and music;Waltzes,,,http://hdl.handle.net/10462/comp/1242
994268434702061,Our boys at the front :military song /by M. Egan Mulry.,"Egan-Mulry, M.,1863-1934",[ between 1914 and 1918].,1 score (3) p. ;37 cm.,"H. J. Diddams & Co. Printers,","""Dedicated to Lady Goold Adams"". --cover.;Text of song printed at end of  last page.",Out of copyright. You are free to use without permission. Please attribute the State Library of Queensland.,,"Patriotic music--Australia.;Songs with piano.;War songs--Australia.;World War, 1914-1918--Australia--Songs and music.",,,http://hdl.handle.net/10462/comp/1243
994398384702061,Our heroes of the air /written and composed by Edward Burke,"Burke, Edward.",[19--?].,1 score (3) p. ;33 cm.,"Read Press,","""Cover portrait of C. W. A. Scott, Bert Hinkler, Kingsford Smith and Amy Johnson"". --cover.;""Dedicated to the aviators and aviatrices of the British Empire""-- caption subtitle.;""Featured with great success by Ned Tyrrell and his Regent Theatre Orchestra (with portrait)""--cover.",Out of copyright. You are free to use without permission. Please attribute the State Library of Queensland.,,Air pilots--Australia--Songs and music.;Air pilots--Great Britain--Songs and music.,,,http://hdl.handle.net/10462/comp/1228
994691964702061,"Our land, Australia /words and music by Mrs. Rod Cameron","Cameron, Charlotte M.,1870-",c[194-?],1 score (2) p. ;30 cm.,"R.D.R. Publishing Co.,",,In copyright. You are free to use for personal research and study. For other uses see https://www.slq.qld.gov.au/understanding-copyright,Australia,Patriotic music--Australia,,,http://hdl.handle.net/10462/comp/1253
996739944702061,Prelude and march :from a classical suite in F major. /by Percy Brier.,"Brier, Percy,1885-1970",1953?,1 score (3 p.) ;30 cm.,"[Percy Brier],","""To Clem with fond Christmas greetings from the composer (Uncle Percy) 25/12/53"". --t.p. caption.",In copyright. You are free to use for personal research and study. For other uses see https://www.slq.qld.gov.au/understanding-copyright,,Piano music.,,,http://hdl.handle.net/10462/comp/1246
994270434702061,Queensland :march song and chorus /written and composed by D. Davis.,"Davis, D.",19--?],1 score (5) p. ;36 cm.,"[s.n.,","""Written and composed by a Queenslander""--cover.;Cover subtitle:  A song for Queensland boys and girls.",Copyright undetermined. You are free to use for personal research and study. For other uses see https://www.slq.qld.gov.au/understanding-copyright,Queensland,Marches (Piano),,,http://hdl.handle.net/10462/comp/1245
997166494702061,Queensland waltz[music] /by Leila Ruth Rowland.,"Rowland, Leila Ruth,1879-1958.",1913,1 score (10 p.) ;36 cm,"W.H. Paling,",,,Queensland,Waltzes.;Piano music--Queensland.,,,
997571504702061,Redcliffe[music] /words by Tom Shorley and Leo Martin ; music by Stan Wood.,"Wood, Stan.",[19--?],1 score [3] p. ;33 cm.,"Printed by Record printing Company,","""Front cover features photograph of people swimming at Redcliffe"".;""March -- Two-step""--cover.;Text of song printed on inside of front cover.",Copyright undetermined. You are free to use for personal research and study. For other uses see https://www.slq.qld.gov.au/understanding-copyright,Redcliffe (Qld.),Songs (Medium voice) with piano.,"Martin, Leo,1924-1993.;Shorley, E. T.(Ezra Thomas),1868-1946.",,http://hdl.handle.net/10462/comp/1175
996358264702061,Romance /composed by A. H. Wilhelmy.,"Wilhelmy, A. H.",c1915.,1 score (4) p. ;35 cm.,"The Anglo-Australian Publishing Co.,","""Dedicated to Mrs. A.B.Shaw"". --cover caption.",Out of copyright. You are free to use without permission. Please attribute the State Library of Queensland.,,Piano music.,,,http://hdl.handle.net/10462/comp/1235
997596424702061,Rosebuds[music] /words and music by Egan Mulry.,"Egan-Mulry, M.,1863-1934.",[191-?],1 score (2) p. ;36 cm.,"M. Egan-Mulry,","""Composer of ""Our boys at the front"" ""Irish heroes"" ""Rosheen""--Cover.;Dedication by composer on front cover. ""To darling Olive White with love and best wishes by the composer, Mary Egan-Mulry, Xmas 1927"".",Out of copyright. You are free to use without permission. Please attribute the State Library of Queensland.,,Songs with piano.;Vocal music--Australia.,,,http://hdl.handle.net/10462/comp/1202
997596404702061,Rosheen[music] :an Irish ditty /by Egan Mulry.,"Egan-Mulry, M.,1863-1934.",[ between 1914 and 1918],1 score (2) p. ;35 cm.,"E.  Mulry,","""Dedicated to my dear mother, who imbued my useful spirit with the love of God, of country and truth"" --caption.",Out of copyright. You are free to use without permission. Please attribute the State Library of Queensland.,,"Songs, Irish--Australia.;Vocal music--Australia.",,,http://hdl.handle.net/10462/comp/1197
997571514702061,Sandgate[music] :charming waltz song. /words by Tom Shorley ; music by Stan Wood.,"Wood, Stan",[19--?],1 score (3) p. ;33 cm.,Printed by Record Printing Company,"""Front cover features photograph of Sandgate beach with people gathered on the foreshore"".;Text of song printed on inside front cover.",Copyright undetermined. You are free to use for personal research and study. For other uses see https://www.slq.qld.gov.au/understanding-copyright,Sandgate (Qld.);-27.317179;153.071823,Songs (Medium voice) with piano.,"Shorley, E. T.(Ezra Thomas),1868-1946.",,http://hdl.handle.net/10462/comp/1176
997596184702061,Serenade[music] :part-song for S.A.T.B. /words by Captain Spencer Browne ; music by S. G. Benson.,"Benson, S. G.",[19--?],1 score (4 p.) ;28 cm.,"W. H. Paling,",,Out of copyright. You are free to use without permission. Please attribute the State Library of Queensland.,,"Choruses, Secular (Mixed voices, 4 parts), Unaccompanied.;Part songs","Browne, Spencer,1856-1943.",,http://hdl.handle.net/10462/comp/1189
99922214702061,Soldiers of the willow[music] /words by Geo. Essex Evans ; music by Alberto Zelman.,"Zelman, Alberto,1874-1927",[19--?].,1 score [2 p.] ;34 cm.,"Allan,",Cover title.,,,"Cricket--Songs and music;Patriotic music--Australia;Popular music--Australia;Songs, English--Australia;War songs--Australia","Evans, George Essex,1863-1909",,http://hdl.handle.net/10462/comp/1214
995034584702061,Song of the convoys :rolling along on the Great North Road /words and music by Harold Middleton.,"Middleton, Harold.",[19--?].,1 score (3) p. ;29 cm.,"Tin Pan (Australia) Publishing Co.,",'The Great Marching Song' --cover caption.,Out of copyright. You are free to use without permission. Please attribute the State Library of Queensland.,,Popular music--Australia.;Songs with piano.;Trucking--Australia--Songs and music.,,,http://hdl.handle.net/10462/comp/1258
996358054702061,Sons of Britannia :a Federation song /words & melody composed by John H.  Nicholson ; harmonized & arranged by S. G. Benson.,"Nicholson, John H.(John Henry),1838-1923.",[189-?].,1 score (3) p. ;37 cm.,"W. H. Paling & Co.,",,Out of copyright. You are free to use without permission. Please attribute the State Library of Queensland.,,Patriotic music--Australia.,"Benson, S. G.",,http://hdl.handle.net/10462/comp/1233
997332654702061,Sons of the bush[music] :a reminiscent song /words and music by Kelsey Voller.,"Voller, Kelsey",[1900],1 score (3) p. ;35 cm.,"Outridge Printing Co.,",Front cover features montage of scenes from bush life.,Out of copyright. You are free to use without permission. Please attribute the State Library of Queensland.,,Songs (Medium voice) with piano.,,,http://hdl.handle.net/10462/comp/1173
996729794702061,Sunny Southport :by the silver sea : waltz song./words and music by Meta Maclean. ; second verse by M. J. Sullivan.,"Maclean, Meta",[19--?],[4] p. ;31 cm.,"M. J. Sullivan,","'Aerial view of Southport showing Broadwater and old Pier Jetty"";At head of title: Southport's haunting souvenir songbook.;'Composer of 4QG tropical chorus, Wonderful moth of Moonbi, Forward, ever forward, etc."".;Includes text (with photo) by M. J, Sullivan on inside cover.",Copyright undetermined. You are free to use for personal research and study. For other uses see https://www.slq.qld.gov.au/understanding-copyright,Southport (Qld.);-27.962414;,,"Sullivan, M. J.",,http://hdl.handle.net/10462/comp/1241
997332634702061,The absent minded beggar[music] /words by Rudyard Kipling ; music by Esther M.  Lewin.,"Lewin, Esther M.",1900,1 score (5) p. ;35 cm.,"Outridge Printing Co,",Cover title.,Out of copyright. You are free to use without permission. Please attribute the State Library of Queensland.,,Songs (Medium voice) with piano.,"Kipling, Rudyard,1865-1936.",https://digital.slq.qld.gov.au/delivery/DeliveryManagerServlet?dps_pid=FL1726487&dps_func=thumbnail,http://hdl.handle.net/10462/comp/1209
996854974702061,The Brisbane River song[music] /words by William Gray ; music by Alice Walker.,"Walker, Alice",[19--?].,1 score (4 p.) ;37 cm.,"Nicholson & Co.,","""Cover shows monochrome drawing of old Indooroopilly Railway Bridge cira. 1895, with sailboat, in foreground, and sailboat at top left of page"".",Out of copyright. You are free to use without permission. Please attribute the State Library of Queensland.,Brisbane River (Qld.);-27.469897;153.032169,,"Gray, William.",,http://hdl.handle.net/10462/comp/1226
997596524702061,The call to youth[music] /words by Rev. John Sinclair ; music by Ernest R. B. Jordan.,"Jordan, Ernest Robert Bannister,1885-1941.",[19--?],1 score [2] p. ;26 cm.,"W.H. Plaing & Co.,","""Chorus hymn. For voces in unison"". --cover.;""Dedicated to St. Paul's Presbyterian Church Choir, of Brisbane"". --caption.",Out of copyright. You are free to use without permission. Please attribute the State Library of Queensland.,,"Choruses, Sacred (Unison) with organ.;Choruses, Sacred (Unison) with piano;Part songs, English.;Part songs, Sacred.","Sinclair, John",,http://hdl.handle.net/10462/comp/1211
997596454702061,The Chelmsford march[music] /composed by Eunice S. Lucas.,"Lucas, Eunice S.",[19--?].,1 score (4) p. ;35 cm.,"W. H. Paling & Co.,",,Out of copyright. You are free to use without permission. Please attribute the State Library of Queensland.,,Marches (Piano);Piano music.,,,http://hdl.handle.net/10462/comp/1203
997571344702061,The city tram conductor[music] /words by E.T. Shorley ; music by V.G. Benvenuti.,"Benvenuti, V. G.",[19--?],1 score (4) p. ;32 cm.,"s.n.,","""Complimentary song to the City Tram Service"". - cover.;""Features photograph on front cover of tram and people at Victoria Bridge end of Queen Street"".;Note on front cover: ""With compliments of E.T. Shorley"".",Out of copyright. You are free to use without permission. Please attribute the State Library of Queensland.,-27.470849;153.023286,Songs (Medium voice) with piano.;Street-railroads--Queensland--Brisbane--Songs and music.,"Shorley, E. T.(Ezra Thomas),1868-1946.",,http://hdl.handle.net/10462/comp/1188
994258474702061,The Commonwealth waltz[music] /by Leila Ruth Rowland,"Rowland, Leila Ruth,1879-1958",c[19--?].,1 score (6 p.) ;36 cm.,"W. H. Paling & Co.,","""Composer of ""Queensland"" and ""Burnett"" waltzes"". --cover.;Cover title.",In copyright. You are free to use for personal research and study. For other uses see https://www.slq.qld.gov.au/understanding-copyright,,National songs--Australia.;Patriotic music--Australia.;Waltzes.,,,http://hdl.handle.net/10462/comp/1172
997596534702061,The Day of victory[music] :song /words by E. T. Shorley ; music by Ernest Gollmick.,"Gollmick, Ernest.",[1918?],1 score (3) p. ;37 cm.,"Printed by Record Printing Company,","""In commemoration of the signing of the Armistice, 11th November, 1918"". --cover.",Out of copyright. You are free to use without permission. Please attribute the State Library of Queensland.,,"Armistice Day--Songs and music.;Songs with piano.;World War, 1914-1918--Songs and music.","Shorley, E. T.(Ezra Thomas),1868-1946.",,http://hdl.handle.net/10462/comp/1212
997571384702061,The fisher boy[music] /words by Cristabel ; music by W. A. Calflisch.,"Caflisch, W. A.",[19--?],1 score (7) p. ;37 cm.,"H.J. Pollard & Co.,","""Compass A to D""-- cover.",Out of copyright. You are free to use without permission. Please attribute the State Library of Queensland.,,Fishers--Queensland--Songs and music.;Songs (Medium voice) with piano.,Cristabel.,,http://hdl.handle.net/10462/comp/1196
996784964702061,The holy happy rest /by Alfred Cobby.,"Cobby, Alfred.",[19--?].,1 score (2 p.) ;35 cm.,"Gordon and Gotch,","""Dedicated to the Premier [of Queensland] The Hon. J. R. Dickson"". --cover.;""In memory of the late Hon. T. J. Byrnes"". --cover.;""Portrait of  Hon. T. J. Byrnes?, on front cover"".;Alfred Cobby, composer of the words and music, ""The Eternal Heavenly Home"" , dedicated to her Royal Highness, Princess Henry of Battenberg. Composer also of ""The Angel's Psalm;"" words by Adelaide Proctor."" -- cover.;Cover title.;For voice and piano.",Out of copyright. You are free to use without permission. Please attribute the State Library of Queensland.,,Songs with piano.,,,http://hdl.handle.net/10462/comp/1248
994264694702061,The Kennedy regiment waltz /composed by Fred A. Affoo.,"Affoo, Fred A.",[19--?].,1 score (5) p. ;34 cm.,"W. H. Paling & Co.,","""Cover features picture of the Australian and British flags crossed"".;""Dedicated to Colonel R. B. Huxtable, commander, Thursday Island forces""--cover.",Copyright undetermined. You are free to use for personal research and study. For other uses see https://www.slq.qld.gov.au/understanding-copyright,-19.258106;146.818351,"Piano music.;Waltzes.;World War, 1914-1918--Australia--Songs and music.",,,http://hdl.handle.net/10462/comp/1237
994692774702061,The liberty song of Australia /words and air by 'Teeby' ; arranged by St. de Polotynski,Teeby.,[19--?].,1 score (6) p. ;31 cm.,"H. Pole & Co. Ltd.,","""As featured by the Australian Diggers' Choir (with portrait), under the direction of Lieutenant St. de Polotynski""--cover.;""Dedicated to my friend P. Coleman, Esq. - Teeby""--cover.",Out of copyright. You are free to use without permission. Please attribute the State Library of Queensland.,,"National songs--Australia.;Patriotic music--Australia.;World War, 1914-1918--Australia--Songs and music.","Polotynski, St de.",,http://hdl.handle.net/10462/comp/1232
997636864702061,The Queensland children's song[music] :arranged in four parts for unaccompanied singing./words by E. W. H. Fowles ; music by  George Sampson.,"Sampson, George,1861-1949.",19--?],1 score [2] p. ;33 cm.,"s. n. ,","""Introduction for two cornets"". --t.p.;Photocopy.",Out of copyright. You are free to use without permission. Please attribute the State Library of Queensland.,Queensland,"Children's songs--Queensland.;Choruses, Secular (Children's voices), Unaccompanied.;Cornet music.","Fowles, E. W. H.(Edwin Wesley Howard),1872-1945.",,http://hdl.handle.net/10462/comp/1182
994693744702061,The Queensland sugar-cane polka /words & music by Edward Leadbeater.,"Leadbeater, Edward.",19--?],1 manuscript score (1) p. ;28 cm.,"Edward Leadbeater,","""This composition is intended for Folk dancing; in addition, the melody line makes an effective march for school fife bands"". --handwritten note inside front cover.;[Edward Leadbeater was a Department (of Education) teacher of music during the 1950's] -- from a loose note inside score.;Key of D.",Copyright undetermined. You are free to use for personal research and study. For other uses see https://www.slq.qld.gov.au/understanding-copyright,Queensland,Songs with piano.,,,http://hdl.handle.net/10462/comp/1255
994270544702061,The 'Queensland Times' march /composed by  R.  Henderson Johnston.,"Johnston, R. Henderson(Robert Henderson)",[19--?],1 score (7) p. ;35 cm.,"Brooks & Co.,","""Dedicated by permission to the proprietors of the leading Ipswich journal""--cover.;Cover title.",Out of copyright. You are free to use without permission. Please attribute the State Library of Queensland.,Ipswich (Qld.),Marches (Piano),,,http://hdl.handle.net/10462/comp/1247
997361474702061,The Queensland waltz[music] /by Jean Lamond,"Lamond, Jean",[1897],1 score (7 p.) ;36 cm.,"Paling & Co.,","""Dedicated to Mrs John Stevenson, Mrs Palmer"". --cover.",Out of copyright. You are free to use without permission. Please attribute the State Library of Queensland.,Queensland,Piano music;Waltzes,,,http://hdl.handle.net/10462/comp/1174
997596544702061,The Queensland waltz[music] /by John Young,"Young, John",[19--?],1 score (6) p. ;36 cm.,"Queensland Piano & Music Warehouse Company,","""The Queensland waltz (and words) by John Young (Ex. Cathedral Org'ist)""--cover.;Cover title.",Out of copyright. You are free to use without permission. Please attribute the State Library of Queensland.,Queensland,Songs with piano.,,,http://hdl.handle.net/10462/comp/1216
994270554702061,The Queensland waltz[music] /by Leila Ruth Rowland,"Rowland, Leila Ruth,1879-1958",c1913,1 v. ;36 cm.,"W.H.Paling & Co.,",Caption title.;Composer of 'Burnett Waltz'.;Map of Queensland on front cover.;Pl. no.: W.H.P. & Co. Ltd. 1130.,In copyright. You are free to use for personal research and study. For other uses see https://www.slq.qld.gov.au/understanding-copyright,,Piano music.;Waltzes,,https://digital.slq.qld.gov.au/delivery/DeliveryManagerServlet?dps_pid=FL1726394&dps_func=thumbnail,http://hdl.handle.net/10462/comp/1194
994398424702061,"The song of the 42nd Battalion, A.I.F.[music]  /written by A. C. Phillips ; composed by Henry Hawkins.","Hawkins, Henry.",[19--],1 score (3) p. ;34 cm.,"Carter-Watson Co.,","""Battalion souvenir copy""--cover.;""Photograph of Will F. Cameron? on front cover"".;""Sung by Will F. Cameron""--cover.",Out of copyright. You are free to use without permission. Please attribute the State Library of Queensland.,,"Australia.--Army.--Australian Imperial Force (1914-1921)--Songs and music.;World War, 1914-1918--Australia--Songs and music","Phillips, A. C.",https://digital.slq.qld.gov.au/delivery/DeliveryManagerServlet?dps_pid=FL1726873&dps_func=thumbnail,http://hdl.handle.net/10462/comp/1229
997571394702061,The waters of the Brisbane[music] :waltz : a musical dream /by Wallace Anderson.,"Anderson, Wallace.",19--?],1 score (4) p. ;36 cm.,"s.n.,","""Photograph  of section of the Brisbane River, possibly looking from Kangaroo Point prior to the Story Bridge""?;Front cover has autograph dedication by the composer: ""To Professor Cumbrae Stewart with the compliments of the composer, Wallace Anderson"".",Copyright undetermined. You are free to use for personal research and study. For other uses see https://www.slq.qld.gov.au/understanding-copyright,Brisbane River (Qld.);-27.465442;153.034787,Piano music.;Waltzes.,,,http://hdl.handle.net/10462/comp/1184
997636834702061,The Women of the West[music] /words by G. E. Evans ; music by E. M. Edkins.,"Edkins, E. M.(Edwina M.)",19--?].,1 score (7 p.) ;33 cm.,"Mount Cornish?,","""Dedicated to women hemmed in by drought"". -- dedication in blue biro on front cover.",Out of copyright. You are free to use without permission. Please attribute the State Library of Queensland.,"Queensland, Western",Women--Queensland--Songs and music.,"Evans, George Essex,1863-1909.",https://digital.slq.qld.gov.au/delivery/DeliveryManagerServlet?dps_pid=FL4912705&dps_func=thumbnail,http://hdl.handle.net/10462/comp/1179
996793664702061,Valse Melba[music] /Bernard Rolt.,"Rolt, Bernard",c1908.,1 score (7 p.) ;33 cm.,"Chappell & Co.,","""Dedicated to Madame Melba"". -- cover & t.p.caption.",Out of copyright. You are free to use without permission. Please attribute the State Library of Queensland.,,"Melba, Nellie, Dame,1861-1931--Songs and music;Piano music.;Waltzes.",,,http://hdl.handle.net/10462/comp/1225
997636854702061,Wee Bimbah[music]  :waltz. /by Mrs. E. M. Edkins.,"Edkins, E. M.(Edwina M.)",19--?],1 score (5 p.) ;33 cm.,"Mount Cornish?,","""Bimbah property outside Longreach?"".",Out of copyright. You are free to use without permission. Please attribute the State Library of Queensland.,Bimbah (Qld.);-23.440485;144.250329,Piano music.;Ranches--Queensland--Longreach Region--Songs and music.,,,http://hdl.handle.net/10462/comp/1181
994403954702061,When I march home /words and music by Mark Rooke.,"Rooke, Mark.",c1919?,1 score (3) p. ;32 cm.,"Morcoms,","""In Eb""--cover.;""Stirring march song with a catchy chorus""--cover.",Out of copyright. You are free to use without permission. Please attribute the State Library of Queensland.,,"Patriotic music--Australia.;World War, 1914-1918--Australia--Songs and music.",,,http://hdl.handle.net/10462/comp/1231
997571454702061,When the Jacaranda blooms[music] /words and music by F. Turbayne.,"Turbayne, Fanny",19--?],1 score (3) p. ;33 cm.,s.n.,"""Song When the Jacaranda blooms""--cover.",Out of copyright. You are free to use without permission. Please attribute the State Library of Queensland.,,Songs (Medium voice) with piano.;Trees--Queensland--Brisbane--Songs and music.,,,http://hdl.handle.net/10462/comp/1185
997571364702061,Where the red gold oranges grow[music] :one-step /lyric by Rita McIver ; music by J.Shanoski.,"Shanoski, J.",19--?],1 score (3) p. ;32 cm.,"s.n.,","""Featured with great success by Miss Bedford Young's Joybell Children at the Majestic Theatre, in the 1926 pantomine, ""Robinson Crusoe""--cover.;""Montville, Queensland""--cover.;Front cover features note by Rita McIver.",Copyright undetermined. You are free to use for personal research and study. For other uses see https://www.slq.qld.gov.au/understanding-copyright,Montville (Qld.);-26.692535;152.895286,Songs (Medium voice) with piano.,"McIver, Rita",,http://hdl.handle.net/10462/comp/1191
